{
  "dailyRewardCoins": 10,
  "dailyTaskCollectCoins": [10, 6, 8, 5],
  
  "skinsPrice": [50, 100, 150, 200, 10],
  "skinRareIDs": [8, 11, 15, 12, 80],
  "skinIDs": [
    [0, 1, 2, 3, 4, 5, 6, 7, 8, 9, 27, 28, 31, 32, 37, 36, 61, 34, 89],
    [35, 33, 21, 46, 45, 60, 24, 58, 51, 48, 47, 10, 11, 54, 53],
    [43, 13, 41, 29, 49, 19, 15, 63, 39, 52, 62, 38, 20, 14, 57, 55],
    [12, 18, 40, 22, 44, 50, 25, 42, 16, 56, 17, 23, 59, 30, 26, 64, 65, 66, 67, 68, 69, 70, 71],
    [72, 73, 74, 75, 76, 77, 78, 79, 80, 81, 82, 83, 84, 85, 86, 87]
  ],
  "skinsFree": [
    {"date": "31/10/2022", "skinID": 89}
  ]
}
