{
  "language": "Language",
  "yes":"YES",
  "no":"NO",
  "youOk":"ARE YOU OK?",
  "complete":"COMPLETE",
  "pause":"PAUSE",
  "paused":"PAUSED",
  "tower":"TOWER OF TERROR",
  "play":"PLAY",
  "trophies":"TROPHIES",
  "resetsIn":"RESETS IN",
  "settings":"SETTINGS",
  "mainmenu":"MAIN MENU",
  "actSelect":"ACT SELECTION",
  "autoReset":"Auto reset when best time passed",
  "unavailable":"Unavailable",
  "on":"ON",
  "off":"OFF",
  "retry":"RETRY",
  "exit":"EXIT",
  "back":"BACK",
  "reward":"REWARD",
  "rewarded":"REWARDED",
  "watchAD":"WATCH AD",
  "watchADDes":"WATCH AD TO CLAIM NOW!",
  "continue":"CONTINUE",
  "lvlObj":"LEVEL OBJECTIVES",
  "lvlComplete":"LEVEL COMPLETE",
  "pressDownEnter":"Press Down To Enter",
  "checkpoint":"CHECKPOINT",
  "lang":"Language",
  "noThanks":"NO THANKS",
  "towerDeteated":"CONTINUE",
  "towerComplete":"TOWER FINISHED",
  "towerCreditsCollect":"Tower Credits Collected",
  "floorsPassed":"Floors passed",
  "continueDes":"Watch AD to revive",
  "powerUpTitle":"Power up",
  "powerUpDes":"Watch AD to gain the power-up shield",
  "skins":"SKINS",
  "chooseSkin":"CHOOSE SKIN",
  "spin":"SPIN",
  "preview":"PREVIEW",
  "equip":"EQUIP",
  "equipped":"EQUIPPED",
  "skinRarity0":"COMMON",
  "skinRarity1":"RARE",
  "skinRarity2":"EPIC",
  "skinRarity3":"LEGENDARY",
  "skinRarity4":"MYTHIC",
  "dailyTasks":"DAILY TASKS",
  "dailyTaskTitle0":"COLLECTOR",
  "dailyTaskDes0":"Collect a total of <x> coins",
  "dailyTaskTitle1":"PLAYER",
  "dailyTaskDes1":"Complete level ",
  "dailyTaskTitle2":"TOWER",
  "dailyTaskDes2":"Play Tower of Terror",
  "dailyTaskTitle3":"SUPER PLAYER",
  "dailyTaskDes3":"Complete any 3 levels",
  "lvlTarget1":"Complete the stage",
  "lvlTarget2":"Collect <x> coins",
  "lvlTarget3":"Complete the stage without dying",
  "lvlTarget3less":"Complete the stage while dying less than <x> times",
  "acthub":"LEVEL HUB",
  "actNorm":"ACT",
  "actVex":"VEXATION",
  "actHard":"HARDCORE",
  "actSkin":"Characters",
  "actbonusStage":"BONUS STAGE",
  "newAchive":"New achievement unlocked",
  "newAchiveSkin":"New skin unlocked!",
  "trophieActs":"Acts",
  "trophieStandart":"Standard",
  "trophieHard":"Hardcore",
  "trophieTower":"Tower",
  "trophieAchive":"Achievements",
  "trophieDesAct":"Complete Act <x>",
  "trophieDesActHard":"Complete Act Hard <x>",
  "trophieDes_floor10":"Complete 10 floors",
  "trophieDes_floor100":"Complete 100 floors",
  "trophieDes_floor500":"Complete 500 floors",
  "trophieDes_killAndroid":"Defeated Knight",
  "trophieDes_killBatteringRam":"Defeated Battering Ram",
  "trophieDes_killDrone":"Defeated Drone",
  "trophieDes_death":"Get over 100 total deaths",
  "trophieDes_playh":"Play the game for over one hour",
  "trophieDes_gasping":"Surface from swimming with one bubble left",
  "trophieDes_vex":"Complete VEXATION",
  "trophieDes_allActs":"Complete all standard Acts",
  "trophieDes_allActsHard":"Complte all hardcore Acts",
  "trophieDes_allSkins":"OBTAIN ALL SKINS",
  "trophieDes_daily10":"COMPLETE 10 DAILY TASKS",
  "trophieDes_daily50":"COMPLETE 50 DAILY TASKS",
  "trophieDes_daily100":"COMPLETE 100 DAILY TASKS",
  "bestTime":"Best Time:",
  "death0_1":"Spiked!",
  "death0_2":"Popped!",
  "death1_1":"Splattered!",
  "death1_2":"Hard landing!",
  "death2_1":"Shredded!",
  "death2_2":"Buzzkill!",
  "death2_3":"Sawed to bits!",
  "death3_1":"Crushed!",
  "death3_2":"Squashed!",
  "death3_3":"Too compressed!",
  "death4_1":"Lungs collapsed!",
  "death4_2":"Drowned!",
  "death4_3":"Sleeping with no fishes...!",
  "death5_1":"Fell out the world!",
  "death5_2":"Straight to hell.!",
  "death5_3":"Fell too far!",
  "death6_1":"No entry!",
  "death7_1":"Squished.",
  "death7_2":"Squashed.",
  "death7_3":"Crushed.",
  "death8_1":"Reaped.",
  "death8_2":"Scythed.",
  "death8_3":"Grim death.",
  "death8_4":"Decapitated.",
  "death9_1":"Tried shurikenjutsu!",
  "death9_2":"Bad ninja!",
  "death9_3":"Sliced and diced!",
  "death10_1":"Death four-ways!",
  "death10_2":"Sliced and diced!",
  "death11_1":"Electrocuted!",
  "death11_2":"Sparked out!",
  "death11_3":"Shocking.",
  "death12_1":"Crushed!",
  "death12_2":"Squashed!",
  "death12_3":"Too compressed!",
  "death13_1":"Swiped.",
  "death13_2":"Rushed off your feet.",
  "death13_3":"Ripped to bits",
  "death14_1":"Obliterated!",
  "death14_2":"Splasered!",
  "death14_3":"Fried vexman!",
  "death15_1":"Surprised spiked!",
  "death15_2":"Penetrated!",
  "tf1":"Welcome back to VEX",
  "tf2":"Press down to enter Act1",
  "tf3":"With the kite you can fly!",
  "tf4":"Use the torch to blow up TNT!",
  "tf5":"Don't touch the water or you will lose your torch",
  "tf6":"Play new acts by standing on their act block",
  "tf7":"Jump from side to side to get up",
  "tf8":"Good job! Now go find the next act",
  "tf9":"Watch out! Grey blocks turn on and off",
  "tf10":"Follow the arrows to reach the end",
  "tf11":"While running, hold down to slide!",
  "tf12":"Like before, purple blocks are quite weak",
  "tf13":"Move with the arrowkeys or WASD",
  "tf13Mob":"Touch the Arrows to MOVE",
  "tf14":"Orange blocks bounce you really high!",
  "tf15":"You can grab a pole to slide up and down",
  "tf16":"These portals teleport you to another place on the map",
  "tf17":"Obtain 3 stars in Act 1 to unlock Hard mode",
  "tf18":"You're doing well so far!",
  "tf19":"Watch out, long falls can kill you!",
  "tf20":"Look out, your breath is running out! Swim by moving forward in the way you're facing",
  "tf21":"Brown blocks can be pushed either way!",
  "tf22":"Press down on a trapped block to kick it out",
  "tf23":"Jump while in the red section to swing forward",
  "tf24":"Jumping in the blue section swings your further",
  "tf25":"Change direction of your swing using left or right",
  "tf26":"Ice is slippery and melts over time!",
  "tf27":"Hold down in mid-air to kick and smash glass",
  "tf28":"Speed block move you in the direction shown!",
  "tf29":"To beat lasers you must be fast! Try use your kick ability by holding down mid-air",
  "tf30":"Use keys to unlock locked blocks",
  "tf31":"The portal is at the end of the locked blocks!",
  "tf32":"You must find the keys!",
  "tf33":"Hop in the cannon and press up when you want to be fired!",
  "tf34":"These small bubbles recharge your breathe underwater!",
  "tf35":"Watch out for the spark around the edge",
  "tf36":"Solar blocks disappear when the light are off!",
  "tf37":"If a spark touches the water it becomes electrified",
  "tf38":"Thank you for playing Vex 7! You're almost done...",
  "tf39":"Pink blocks go invisible the closer you get",
  "tf40":"Red keys disappear after 5 seconds",
  "tf41":"You can look around the stage while standing still",
  "tf42":"This is it, the final test. If the wire beats you to the end, you'll have to redo the entire act!",
  "tf43":"Wrong way, silly!",
  "tf44":"Use SPACE button to fight enemies",
  "tf44Mob":"Use the attack button to fight enemies",
  "tf45":"Pick up jump potion to make an extra jump",
  "tf46":"Press up on a grapple pad to propel yourself to the hook",
  "tf47":"Press down or space to break block",
  "tf47Mob":"Press down or attack button to break block",
  "tf48":"Press down to use the lever to activate pulse block",
  "tf49":"Earn Tower coins for exclusive skins",
  "autoRestart":"AUTO RESTART LEVEL UPON DEATH",
  "noBlood":"DISABLE BLOOD",
  "highScore":"Highscore:",
  "floor":"Floor"
}