{
  "language": "भाषा",
  "yes":"हां",
  "no":"नहीं",
  "youOk":"आप ठीक हैं?",
  "complete":"पूरा करें",
  "pause":"पॉज़ करें",
  "paused":"पॉज़ किया",
  "tower":"टावर ऑफ़ टैरर",
  "play":"खेलें",
  "trophies":"ट्रोफ़ी",
  "resetsIn":"इतने में रीसेट होगा",
  "settings":"सेटिंग",
  "mainmenu":"मेन मेन्यू",
  "actSelect":"ACT चयन",
  "autoReset":"बेस्ट टाइम पूरा हो जाने पर अपने आप रीसेट करें",
  "unavailable":"उपलब्ध नहीं",
  "on":"चालू",
  "off":"बंद",
  "retry":"फिर कोशिश करें",
  "exit":"बाहर निकलें",
  "back":"वापस जाएं",
  "reward":"इनाम",
  "rewarded":"इनाम मिला",
  "watchAD":"विज्ञापन देखें",
  "watchADDes":"अभी पाने के लिए विज्ञापन देखें!",
  "continue":"जारी रखें",
  "lvlObj":"लेवल के लक्ष्य",
  "lvlComplete":"लेवल पूरा",
  "pressDownEnter":"दाखिल होने के लिए नीचे का बटन दबाएं",
  "checkpoint":"चेकपॉइंट",
  "lang":"भाषा",
  "noThanks":"नहीं धन्यवाद",
  "towerDeteated":"जारी रखें",
  "towerComplete":"टावर पूरा किया",
  "towerCreditsCollect":"टावर के क्रेडिट हासिल किए",
  "floorsPassed":"फ़्लोर पार किए",
  "continueDes":"वापस ज़िंदा करने के लिए विज्ञापन देखें!",
  "powerUpTitle":"पावर अप",
  "powerUpDes":"पावर-अप शील्ड पाने के लिए विज्ञापन देखें",
  "skins":"स्किन",
  "chooseSkin":"स्किन चुनें",
  "spin":"स्पिन करें",
  "preview":"प्रीव्यू",
  "equip":"लगाएं",
  "equipped":"लगा दी है",
  "skinRarity0":"कॉमन",
  "skinRarity1":"रेयर",
  "skinRarity2":"एपिक",
  "skinRarity3":"लेजेंड्री",
  "skinRarity4":"मिथिक",
  "dailyTasks":"रोज़ वाले टास्क",
  "dailyTaskTitle0":"कलेक्टर",
  "dailyTaskDes0":"कुल <x> कॉइन जमा करें",
  "dailyTaskTitle1":"प्लेयर",
  "dailyTaskDes1":"लेवल पूरा करें",
  "dailyTaskTitle2":"टावर",
  "dailyTaskDes2":"टावर ऑफ़ टैरर खेलें",
  "dailyTaskTitle3":"सुपर प्लेयर",
  "dailyTaskDes3":"कोई भी 3 लेवल पूरे करें",
  "lvlTarget1":"स्टेज पूरी करें",
  "lvlTarget2":"<x> कॉइन जमा करें",
  "lvlTarget3":"मृत्यु हुए बिना स्टेज पूरी करें",
  "lvlTarget3less":"<x> बार से कम बार मृत्यु के साथ स्टेज पूरी करें",
  "acthub":"लेवल हब",
  "actNorm":"ACT",
  "actVex":"VEXATION",
  "actHard":"हार्डकोर",
  "actSkin":"किरदार",
  "actbonusStage":"बोनस स्टेज",
  "newAchive":"नई उपलब्धि अनलॉक हुई",
  "newAchiveSkin":"नई स्किन अनलॉक हुई!",
  "trophieActs":"Acts",
  "trophieStandart":"स्टैंडर्ड",
  "trophieHard":"हार्डकोर",
  "trophieTower":"टावर",
  "trophieAchive":"उपलब्धियां",
  "trophieDesAct":"Act <x> पूरा करें",
  "trophieDesActHard":"Act हार्ड <x> पूरा करें",
  "trophieDes_floor10":"10 फ़्लोर पूरे करें",
  "trophieDes_floor100":"100 फ़्लोर पूरे करें",
  "trophieDes_floor500":"500 फ़्लोर पूरे करें",
  "trophieDes_killAndroid":"नाइट को हराया",
  "trophieDes_killBatteringRam":"तोड़ने वाली रैम मशीन को हराया",
  "trophieDes_killDrone":"ड्रोन को हराया",
  "trophieDes_death":"कुल 100 मृत्यु का आंकड़ा छुएं",
  "trophieDes_playh":"एक घंटे से ज़्यादा देर तक गेम खेलें",
  "trophieDes_gasping":"एक बुलबुला बाकी रहने पर तैरने हुए सतह पर आएं",
  "trophieDes_vex":"VEXATION पूरा करें",
  "trophieDes_allActs":"सभी स्टैंडर्ड Acts पूरे करें",
  "trophieDes_allActsHard":"सभी हार्डकोर Acts पूरे करें",
  "trophieDes_allSkins":"सभी स्किन हासिल करें",
  "trophieDes_daily10":"रोज़ वाले 10 टास्क पूरे करें",
  "trophieDes_daily50":"रोज़ वाले 50 टास्क पूरे करें",
  "trophieDes_daily100":"रोज़ वाले 100 टास्क पूरे करें",
  "bestTime":"बेस्ट टाइम:",
  "death0_1":"छलनी हुए!",
  "death0_2":"धमाका!",
  "death1_1":"चीथड़े उड़ गए!",
  "death1_2":"धड़ाम से गिरे!",
  "death2_1":"परखच्चे उड़ गए!",
  "death2_2":"बज़किल!",
  "death2_3":"टुकड़ों में कट गए!",
  "death3_1":"दब गए!",
  "death3_2":"निचोड़ दिया!",
  "death3_3":"मसल डाला!",
  "death4_1":"फेफड़ों की हवा निकल गई!",
  "death4_2":"डूब गए!",
  "death4_3":"हवा निकल गई...!",
  "death5_1":"दुनिया से दूर हुए!",
  "death5_2":"सीधे नर्क में!",
  "death5_3":"कुछ ज़्यादा दूर गिर गए!",
  "death6_1":"एंट्री नहीं है!",
  "death7_1":"कीमा बना दिया।",
  "death7_2":"निचोड़ दिया।",
  "death7_3":"पिचक गए!",
  "death8_1":"निपट गए।",
  "death8_2":"तेज़ धार की मार!",
  "death8_3":"खौफ़नाक मौत।",
  "death8_4":"धड़ से अलग।",
  "death9_1":"शुरिकेन जूत्सू आज़माया!",
  "death9_2":"शैतान निंजा!",
  "death9_3":"गाजर-मूली की तरह कट गए!",
  "death10_1":"चौतरफ़ा मृत्यु!",
  "death10_2":"गाजर-मूली की तरह कट गए!",
  "death11_1":"करंट लग गया!",
  "death11_2":"स्पार्क लग गया!",
  "death11_3":"ज़ोर का झटका।",
  "death12_1":"दब गए!",
  "death12_2":"निचोड़ दिया!",
  "death12_3":"मसल डाला!",
  "death13_1":"धप्पा।",
  "death13_2":"अपने पैरों से भाग गए!",
  "death13_3":"कीमा बना दिया",
  "death14_1":"नेस्तनाबूद!",
  "death14_2":"काम-तमाम!",
  "death14_3":"भेजा फ़्राई!",
  "death15_1":"अचानक घोंप दिया!",
  "death15_2":"घोंप दिया!",
  "tf1":"VEX मे फिर स्वागत है!",
  "tf2":"Act1 में दाखिल होने के लिए नीचे का बटन दबाएं",
  "tf3":"पतंग से आप उड़ान भर सकते हैं!",
  "tf4":"TNT से धमाका करने के लिए टॉर्च इस्तेमाल करें!",
  "tf5":"पानी में न जाएं, नहीं तो आप टॉर्च गंवा देंगे",
  "tf6":"उनके एक्ट वाले ब्लॉक पर खड़े होकर नए एक्ट खेलें",
  "tf7":"उठने के लिए, दाएं-बाएं कूदें",
  "tf8":"बहुत खूब! अब अगला एक्ट ढूंढें",
  "tf9":"सावधान रहें! ग्रे ब्लॉक जलते-बुझते रहते हैं",
  "tf10":"आखिर तक पहुंचने के लिए, तीर के निशानों की तरफ़ चलें",
  "tf11":"दौड़ते हुए फिसलकर आगे बढ़ने के लिए नीचे वाला बटन दबाए रखें!",
  "tf12":"पिछली बार की तरह, बैंगनी रंग के ब्लॉक काफ़ी कमज़ोर होते हैं",
  "tf13":"कीबोर्ड पर ऐरो वाली की या WASD वाली की दबाकर इधर-उधर जाएं",
  "tf13Mob":"इधर-उधर करने के लिए ऐरो के निशान को टच करें",
  "tf14":"नारंगी ब्लॉक से आप बहुत ऊंची छलांग लगा सकते हैं!",
  "tf15":"आप पोल की मदद से ऊपर-नीचे जा सकते हैं",
  "tf16":"इन पोर्टल से, आप मैप में खुद को किसी दूसरी जगह पर टेलीपोर्ट कर सकते हैं",
  "tf17":"हार्ड मोड अनलॉक करने के लिए Act 1 में 3 स्टार हासिल करें",
  "tf18":"अभी तक आप बढ़िया खेल रहे हैं!",
  "tf19":"सावधान रहें, बहुत ऊंचाई से नीचे गिरने पर मौत हो सकती है!",
  "tf20":"ध्यान रखें, आपकी सांस खत्म हो रही है! आप जिस दिशा की ओर देख रहे हैं, उस दिशा में आगे की ओर बढ़कर तैरें",
  "tf21":"भूरे ब्लॉक को किसी भी तरफ़ धकेला जा सकता है!",
  "tf22":"फंसे हुए ब्लॉक को धकेलने के लिए नीचे का बटन दबाएं",
  "tf23":"लाल वाले एरिया में होने पर कूदें और झूलकर आगे बढ़ें",
  "tf24":"नीले वाले एरिया में कूदने से आप झूलकर ज़्यादा दूर जा सकते हैं",
  "tf25":"बाएं या दाएं बटन से झूलने की अपनी दिशा बदलें",
  "tf26":"बर्फ़ में आप फिसल सकते हैं और वह कुछ समय में पिघल जाती है!",
  "tf27":"शीशा तोड़ने के लिए, हवा में होने के दौरान नीचे का बटन दबाए रखें",
  "tf28":"स्पीड ब्लॉक आपको दिखाई गई दिशा में तेज़ी से आगे बढ़ाता है!",
  "tf29":"लेज़र से बचने के लिए आपको फ़ुर्ती दिखानी होगी! हवा में बीचों-बीच होने पर, नीचे का बटन दबाए रखकर किक मारें",
  "tf30":"लॉक हो चुके ब्लॉक को हटाने के लिए, चाबियां इस्तेमाल करें",
  "tf31":"पोर्टल उन लॉक हो चुके ब्लॉक के आखिर में मौजूद है!",
  "tf32":"आपकी आपको चाबियां ढूंढनी होंगी!",
  "tf33":"कैनन में कूद जाएं और अपने हिसाब से उसे दागने के लिए ऊपर का बटन दबाएं!",
  "tf34":"ये छोटे-छोटे बुलबुले पानी के अंदर होने पर आपको सांस देते हैं!",
  "tf35":"किनारे पर आने वाले स्पार्क से सावधान रहें",
  "tf36":"लाइट बंद होने पर सोलर ब्लॉक गायब हो जाते हैं!",
  "tf37":"स्पार्क अगर पानी को छू लेता है, तो पानी में करंट आ जाता है",
  "tf38":"Vex 7 खेलने के लिए धन्यवाद! यह लगभग पूरा होने ही वाला है...",
  "tf39":"आप जितना करीब जाएंगे, गुलाबी ब्लॉक गायब होते रहेंगे",
  "tf40":"लाल चाबियां 5 सेकंड बाद गायब हो जाती हैं",
  "tf41":"आप खड़े रहकर स्टेज के इर्द-गिर्द देख सकते हैं",
  "tf42":"बस, यह आखिरी टेस्ट है। अगर आप तार के आखिर तक नहीं पहुंच पाते हैं, तो आपको पूरा एक्ट फिर से खेलना होगा!",
  "tf43":"गलत रास्ता है, बुद्धू!",
  "tf44":"स्पेस वाला बटन दबाकर दुश्मनों से लड़ें",
  "tf44Mob":"अटैक का बटन दबाकर दुश्मनों से लड़ें",
  "tf45":"एक्स्ट्रा जंप लगाने के लिए जंप वाला पोशन हासिल करें",
  "tf46":"खुद को हुक की ओर फेंकने के लिए, ग्रैपल पैड पर जाकर ऊपर का बटन दबाएं",
  "tf47":"ब्लॉक तोड़ने के लिए नीचे का बटन या स्पेस को दबाएं",
  "tf47Mob":"ब्लॉक तोड़ने के लिए नीचे का बटन या अटैक वाला बटन दबाएं",
  "tf48":"पल्स ब्लॉक को सक्रिय करने वाला लीवर इस्तेमाल करने के लिए नीचे का बटन दबाएँ",
  "tf49":"अनन्य स्किन के लिए टावर सिक्के अर्जित करें",
  "autoRestart":"मृत्यु होने पर ऑटो रीस्टार्ट लेवल",
  "noBlood":"रक्त को अक्षम करें",
  "highScore":"ऊँचा स्कोर:",
  "floor":"फ्लोर"
}