{
  "language": "Bahasa",
  "yes":"YA",
  "no":"TIDAK",
  "youOk":"APA KAMU BAIK-BAIK SAJA?",
  "complete":"SELESAIKAN",
  "pause":"JEDA",
  "paused":"DIJEDA",
  "tower":"MENARA TEROR",
  "play":"MAIN",
  "trophies":"TROFI",
  "resetsIn":"RESET DALAM",
  "settings":"PENGATURAN",
  "mainmenu":"MENU UTAMA",
  "actSelect":"PILIHAN LEVEL",
  "autoReset":"Reset otomatis saat waktu terbaik dilewati",
  "unavailable":"Tidak tersedia",
  "on":"AKTIF",
  "off":"NONAKTIF",
  "retry":"COBA LAGI",
  "exit":"KELUAR",
  "back":"KEMBALI",
  "reward":"HADIAH",
  "rewarded":"TELAH DIHADIAHI",
  "watchAD":"TONTON IKLAN",
  "watchADDes":"TONTON IKLAN UNTUK MENGEKLAIM SEKARANG!",
  "continue":"LANJUTKAN",
  "lvlObj":"SASARAN LEVEL",
  "lvlComplete":"LEVEL SELESAI",
  "pressDownEnter":"Tekan Bawah Untuk Masuk",
  "checkpoint":"CHECKPOINT",
  "lang":"Bahasa",
  "noThanks":"TIDAK, TERIMA KASIH",
  "towerDeteated":"LANJUTKAN",
  "towerComplete":"MENARA SELESAI",
  "towerCreditsCollect":"Kredit Menara Dikumpulkan",
  "floorsPassed":"Lantai dilewati",
  "continueDes":"Tonton IKLAN untuk menghidupkan kembali",
  "powerUpTitle":"Peningkatan",
  "powerUpDes":"Tonton IKLAN untuk mendapatkan peningkatan perisai",
  "skins":"SKIN",
  "chooseSkin":"PILIH SKIN",
  "spin":"PUTAR",
  "preview":"PRATINJAU",
  "equip":"PASANG",
  "equipped":"TERPASANG",
  "skinRarity0":"UMUM",
  "skinRarity1":"LANGKA",
  "skinRarity2":"EPIK",
  "skinRarity3":"LEGENDARIS",
  "skinRarity4":"MITOS",
  "dailyTasks":"MISI HARIAN",
  "dailyTaskTitle0":"PENGUMPULAN",
  "dailyTaskDes0":"Kumpulkan total <x> koin",
  "dailyTaskTitle1":"PEMAIN",
  "dailyTaskDes1":"Selesaikan level",
  "dailyTaskTitle2":"MENARA",
  "dailyTaskDes2":"Mainkan Menara Teror",
  "dailyTaskTitle3":"PEMAIN SUPER",
  "dailyTaskDes3":"Selesaikan 3 level apa saja",
  "lvlTarget1":"Selesaikan babak",
  "lvlTarget2":"Kumpulkan <x> koin",
  "lvlTarget3":"Selesaikan babak tanpa mati",
  "lvlTarget3less":"Selesaikan babak dengan kematian kurang dari <x> kali",
  "acthub":"PUSAT LEVEL",
  "actNorm":"LEVEL",
  "actVex":"VEXATION",
  "actHard":"HARDCORE",
  "actSkin":"Karakter",
  "actbonusStage":"BABAK BONUS",
  "newAchive":"Pencapaian baru terbuka",
  "newAchiveSkin":"Skin baru terbuka!",
  "trophieActs":"Level",
  "trophieStandart":"Standar",
  "trophieHard":"Hardcore",
  "trophieTower":"Menara",
  "trophieAchive":"Pencapaian",
  "trophieDesAct":"Selesaikan Level <x>",
  "trophieDesActHard":"Selesaikan Level Sulit <x>",
  "trophieDes_floor10":"Selesaikan 10 lantai",
  "trophieDes_floor100":"Selesaikan 100 lantai",
  "trophieDes_floor500":"Selesaikan 500 lantai",
  "trophieDes_killAndroid":"Kesatria yang Dikalahkan",
  "trophieDes_killBatteringRam":"Pendobrak Dinding yang Dikalahkan",
  "trophieDes_killDrone":"Drone yang Dikalahkan",
  "trophieDes_death":"Dapatkan lebih dari 100 total kematian",
  "trophieDes_playh":"Mainkan game selama lebih dari satu jam",
  "trophieDes_gasping":"Muncul ke permukaan dengan satu gelembung tersisa",
  "trophieDes_vex":"Selesaikan VEXATION",
  "trophieDes_allActs":"Selesaikan semua Level standar",
  "trophieDes_allActsHard":"Selesaikan semua Level hardcore",
  "trophieDes_allSkins":"DAPATKAN SEMUA SKIN",
  "trophieDes_daily10":"SELESAIKAN 10 TUGAS HARIAN",
  "trophieDes_daily50":"SELESAIKAN 50 TUGAS HARIAN",
  "trophieDes_daily100":"SELESAIKAN 100 TUGAS HARIAN",
  "bestTime":"Waktu Terbaik:",
  "death0_1":"Tertusuk!",
  "death0_2":"Pecah!",
  "death1_1":"Berceceran!",
  "death1_2":"Pendaratan keras!",
  "death2_1":"Diiris!",
  "death2_2":"Buzzkill!",
  "death2_3":"Digergaji hingga berkeping-keping!",
  "death3_1":"Hancur!",
  "death3_2":"Lumat!",
  "death3_3":"Terlalu tertekan!",
  "death4_1":"Paru-paru kolaps!",
  "death4_2":"Tenggelam!",
  "death4_3":"Tenggelam di kedalaman...!",
  "death5_1":"Dunia terasa runtuh!",
  "death5_2":"Langsung ke neraka!",
  "death5_3":"Jatuh terlalu jauh!",
  "death6_1":"Dilarang masuk!",
  "death7_1":"Terjepit.",
  "death7_2":"Lumat.",
  "death7_3":"Dihancurkan.",
  "death8_1":"Dipotong.",
  "death8_2":"Disabit.",
  "death8_3":"Kematian mengerikan.",
  "death8_4":"Dipenggal.",
  "death9_1":"Mencoba shurikenjutsu!",
  "death9_2":"Ninja jahat!",
  "death9_3":"Diris dan dipotong dadu!",
  "death10_1":"Tubuh terbelah ke empat arah!",
  "death10_2":"Diris dan dipotong dadu!",
  "death11_1":"Tersengat listrik!",
  "death11_2":"Terpicu!",
  "death11_3":"Terkejut.",
  "death12_1":"Hancur!",
  "death12_2":"Lumat!",
  "death12_3":"Terlalu tertekan!",
  "death13_1":"Dipukul.",
  "death13_2":"Kaki tersapu.",
  "death13_3":"Dikoyak hingga berkeping-keping",
  "death14_1":"Dilenyapkan!",
  "death14_2":"Dilaser!",
  "death14_3":"Dipanggang!",
  "death15_1":"Tusukan mengejutkan!",
  "death15_2":"Dibobol!",
  "tf1":"Selamat datang kembali di VEX",
  "tf2":"Tekan bawah untuk masuk ke Level 1",
  "tf3":"Dengan layang-layang, kamu bisa terbang!",
  "tf4":"Gunakan obor untuk meledakkan TNT!",
  "tf5":"Jangan kena air atau kamu akan kehilangan obormu",
  "tf6":"Mainkan level baru dengan berdiri di blok levelnya",
  "tf7":"Melompat dari sisi ke sisi untuk bangkit",
  "tf8":"Kerja bagus! Sekarang cari level selanjutnya",
  "tf9":"Hati-hati! Blok abu-abu aktif dan nonaktif",
  "tf10":"Ikuti panah untuk mencapai akhir",
  "tf11":"Saat berlari, tahan bawah untuk meluncur!",
  "tf12":"Seperti sebelumnya, blok ungu cukup lemah",
  "tf13":"Bergerak dengan tombol panah atau WASD",
  "tf13Mob":"Sentuh Panah untuk BERGERAK",
  "tf14":"Blok oranye memantulkanmu sangat tinggi!",
  "tf15":"Kamu bisa mengambil tiang untuk meluncur ke atas dan ke bawah",
  "tf16":"Portal ini memindahkanmu ke tempat lain di peta",
  "tf17":"Dapatkan 3 bintang di Level 1 untuk membuka kunci mode Sulit",
  "tf18":"Kamu melakukannya dengan baik sejauh ini!",
  "tf19":"Hati-hati, jatuh dari ketinggian bisa membunuhmu!",
  "tf20":"Awas, napasmu hampir habis! Berenang dengan bergerak maju ke arah depanmu",
  "tf21":"Blok coklat dapat didorong ke arah mana saja!",
  "tf22":"Tekan bawah pada balok yang terperangkap untuk menendangnya keluar",
  "tf23":"Melompatlah saat berada di bagian merah untuk mengayun ke depan",
  "tf24":"Melompat di bagian biru membuatmu terayun lebih jauh",
  "tf25":"Ubah arah ayunanmu menggunakan kiri atau kanan",
  "tf26":"Esnya licin dan mencair seiring waktu!",
  "tf27":"Tahan bawah di udara untuk menendang dan menghancurkan kaca",
  "tf28":"Blok kecepatan menggerakkanmu ke arah yang ditunjukkan!",
  "tf29":"Untuk mengalahkan laser, kamu harus cepat! Coba gunakan kemampuan tendanganmu dengan menahan bawah di udara",
  "tf30":"Gunakan kunci untuk membuka blok yang terkunci",
  "tf31":"Portal ada di ujung blok yang terkunci!",
  "tf32":"Kamu harus menemukan kuncinya!",
  "tf33":"Naik ke meriam dan tekan atas saat kamu ingin ditembakkan!",
  "tf34":"Gelembung kecil ini mengisi ulang napasmu di bawah air!",
  "tf35":"Hati-hati dengan percikan di sekitar tepi",
  "tf36":"Blok surya menghilang saat lampu mati!",
  "tf37":"Jika percikan menyentuh air akan tercipta listrik",
  "tf38":"Terima kasih telah bermain Vex 7! Kamu hampir selesai...",
  "tf39":"Semakin kamu mendekati blok merah muda, ia jadi tak terlihat",
  "tf40":"Tombol merah menghilang setelah 5 detik",
  "tf41":"Kamu bisa melihat sekeliling babak sambil diam berdiri",
  "tf42":"Ini dia, ujian terakhir. Jika kawat mengalahkanmu sampai akhir, kamu harus mengulang seluruh level!",
  "tf43":"Salah jalan, dasar konyol!",
  "tf44":"Gunakan tombol SPASI untuk melawan musuh",
  "tf44Mob":"Gunakan tombol serang untuk melawan musuh",
  "tf45":"Ambil ramuan lompat untuk melakukan lompatan tambahan",
  "tf46":"Tekan atas pada bantalan pengait untuk mendorong dirimu ke kait",
  "tf47":"Tekan bawah atau spasi untuk memecahkan blok",
  "tf47Mob":"Tekan bawah atau serang untuk memecahkan blok",
  "tf48":"Tekan bawah untuk menggunakan tuas untuk mengaktifkan blok berdenyut",
  "tf49":"Hasilkan koin Menara untuk skin eksklusif",
  "autoRestart":"MULAI ULANG OTOMATIS LEVEL SETELAH MATI",
  "noBlood":"NONAKTIFKAN DARAH",
  "highScore":"Skor tertinggi:",
  "floor":"Lantai"
}