{
  "language": "言語",
  "yes":"はい",
  "no":"いいえ",
  "youOk":"しっかりして！",
  "complete":"クリアしよう",
  "pause":"ポーズ",
  "paused":"ポーズ中",
  "tower":"恐怖の塔",
  "play":"プレイ",
  "trophies":"トロフィー",
  "resetsIn":"リセットまで",
  "settings":"設定",
  "mainmenu":"メインメニュー",
  "actSelect":"アクト選択",
  "autoReset":"ベストタイム経過で自動リセット",
  "unavailable":"利用不可",
  "on":"オン",
  "off":"オフ",
  "retry":"リトライ",
  "exit":"終了",
  "back":"戻る",
  "reward":"報酬",
  "rewarded":"報酬受取済み",
  "watchAD":"広告を見る",
  "watchADDes":"広告を見て受け取る！",
  "continue":"続行",
  "lvlObj":"レベル目標",
  "lvlComplete":"レベルクリア",
  "pressDownEnter":"下を押すとレベルスタート",
  "checkpoint":"チェックポイント",
  "lang":"言語",
  "noThanks":"やめておく",
  "towerDeteated":"続行",
  "towerComplete":"塔クリア",
  "towerCreditsCollect":"塔で収集したコイン",
  "floorsPassed":"通過したフロア",
  "continueDes":"広告を見て復活",
  "powerUpTitle":"パワーアップ",
  "powerUpDes":"広告を見てパワーアップシールドを獲得",
  "skins":"スキン",
  "chooseSkin":"スキン選択",
  "spin":"ランダム",
  "preview":"プレビュー",
  "equip":"装備",
  "equipped":"装備中",
  "skinRarity0":"COMMON",
  "skinRarity1":"RARE",
  "skinRarity2":"EPIC",
  "skinRarity3":"LEGENDARY",
  "skinRarity4":"MYTHIC",
  "dailyTasks":"デイリータスク",
  "dailyTaskTitle0":"収集",
  "dailyTaskDes0":"合計<x>枚のコインを収集",
  "dailyTaskTitle1":"プレーヤー",
  "dailyTaskDes1":"レベルをクリア",
  "dailyTaskTitle2":"塔",
  "dailyTaskDes2":"恐怖の塔をプレイ",
  "dailyTaskTitle3":"スーパープレーヤー",
  "dailyTaskDes3":"いずれかの3レベルをクリア",
  "lvlTarget1":"ステージをクリア",
  "lvlTarget2":"<x>枚のコインを収集",
  "lvlTarget3":"死亡せずにステージをクリア",
  "lvlTarget3less":"死亡<x>回未満でステージをクリア",
  "acthub":"レベルハブ",
  "actNorm":"アクト",
  "actVex":"VEXATION",
  "actHard":"ハードコア",
  "actSkin":"キャラクター",
  "actbonusStage":"ボーナスステージ",
  "newAchive":"新しい実績がアンロックされた",
  "newAchiveSkin":"新しいスキンがアンロックされた！",
  "trophieActs":"アクト",
  "trophieStandart":"スタンダード",
  "trophieHard":"ハードコア",
  "trophieTower":"塔",
  "trophieAchive":"実績",
  "trophieDesAct":"アクト<x>をクリア",
  "trophieDesActHard":"アクトハード<x>をクリア",
  "trophieDes_floor10":"10フロアをクリア",
  "trophieDes_floor100":"100フロアをクリア",
  "trophieDes_floor500":"500フロアをクリア",
  "trophieDes_killAndroid":"ナイトを撃破",
  "trophieDes_killBatteringRam":"バタリオンラムを撃破",
  "trophieDes_killDrone":"ドローンを撃破",
  "trophieDes_death":"合計死亡回数100回超え",
  "trophieDes_playh":"プレイ時間1時間超え",
  "trophieDes_gasping":"泡が1つ残った状態で泳いで浮上",
  "trophieDes_vex":"VEXATIONをクリア",
  "trophieDes_allActs":"すべてのスタンダードアクトをクリア",
  "trophieDes_allActsHard":"すべてのハードコアアクトをクリア",
  "trophieDes_allSkins":"すべてのスキンを入手",
  "trophieDes_daily10":"10個のデイリータスクをクリア",
  "trophieDes_daily50":"50個のデイリータスクをクリア",
  "trophieDes_daily100":"100個のデイリータスクをクリア",
  "bestTime":"ベストタイム:",
  "death0_1":"刺された！",
  "death0_2":"爆発した！",
  "death1_1":"出血多量！",
  "death1_2":"着陸失敗！",
  "death2_1":"ズタズタにされた！",
  "death2_2":"この水差し野郎！",
  "death2_3":"バラバラにされた！",
  "death3_1":"粉砕された！",
  "death3_2":"潰された！",
  "death3_3":"圧縮された！",
  "death4_1":"肺が潰れた！",
  "death4_2":"溺れた！",
  "death4_3":"魚なき眠りへ...！",
  "death5_1":"世界から転落した！",
  "death5_2":"地獄に落ちた！",
  "death5_3":"落ちすぎ！",
  "death6_1":"エントリーなし！",
  "death7_1":"グシャッとやられた。",
  "death7_2":"クチャッとやられた。",
  "death7_3":"粉砕された。",
  "death8_1":"刈られた。",
  "death8_2":"スパッとやられた。",
  "death8_3":"悲惨な死。",
  "death8_4":"斬首された。",
  "death9_1":"手裏剣にやられた！",
  "death9_2":"悪の忍者め！",
  "death9_3":"スパスパにされた！",
  "death10_1":"四等分にされた！",
  "death10_2":"スパスパにされた！",
  "death11_1":"感電死！",
  "death11_2":"失神！",
  "death11_3":"ショック死！",
  "death12_1":"粉砕された！",
  "death12_2":"潰された！",
  "death12_3":"圧縮された！",
  "death13_1":"強打された。",
  "death13_2":"追いまわされた。",
  "death13_3":"グチャグチャにされた！",
  "death14_1":"消された！",
  "death14_2":"レーザーでやられた！",
  "death14_3":"フライド・ヴェックスマンだ！",
  "death15_1":"サプライズトゲ！",
  "death15_2":"串刺しにされた！",
  "tf1":"VEXへようこそ",
  "tf2":"下を押してアクト1を開始",
  "tf3":"凧を使えば飛べるよ！",
  "tf4":"たいまつを使えばTNTを爆破できるよ！",
  "tf5":"たいまつは水に触れると消えてしまうよ",
  "tf6":"アクトブロックの上に立って新しいアクトをプレイできるよ",
  "tf7":"左右にジャンプすると上に行けるよ",
  "tf8":"よくできたね！それじゃあ、次のアクトに行こう",
  "tf9":"気をつけて！グレーのブロックは現れたり消えたりするよ",
  "tf10":"矢印に従ってゴールを目指そう",
  "tf11":"走りながら下を長押しすると、スライドできるよ！",
  "tf12":"前に見たように、紫のブロックはとても脆いよ",
  "tf13":"矢印キーかWASDで移動するよ",
  "tf13Mob":"矢印にタッチすると移動するよ",
  "tf14":"オレンジのブロックを踏むと高く跳べるよ！",
  "tf15":"ポールを掴むと上下にスライドできるよ",
  "tf16":"このポータルに入ると、マップ上の別の場所にテレポートするよ",
  "tf17":"アクト1で星を3つ獲得すると、ハードモードがアンロックされるよ",
  "tf18":"よくできたね！",
  "tf19":"高い所から落ちると、死んじゃうから気をつけて！",
  "tf20":"気をつけて、息が切れそうだよ！　自分が向いている方向に泳いで進もう",
  "tf21":"茶色のブロックはどちらからでも押せるよ！",
  "tf22":"引っかかってるブロックは下を押すと、蹴り出せるよ",
  "tf23":"赤い範囲内でジャンプすると、前にスイングできるよ",
  "tf24":"青い範囲内でジャンプすると、さらに遠くスイングできるよ",
  "tf25":"左または右を押すと、スイングの方向を変更できるよ",
  "tf26":"氷は滑りやすく、時間が経つと溶けるよ！",
  "tf27":"空中で下を長押しすると、ガラスを蹴り割るよ",
  "tf28":"スピードブロックは、示されている方向にプレーヤーを動かすよ！",
  "tf29":"レーザーをやっつけるには、速くなければならないよ！空中で下を長押ししてキック能力を使ってみよう",
  "tf30":"キーを使用すると、ロックされたブロックをアンロックするよ",
  "tf31":"ポータルはロックされたブロックの奥にあるよ！",
  "tf32":"カギを探そう！",
  "tf33":"大砲に飛び乗り、発射したい時に上を押そう！",
  "tf34":"この小さな泡は、水中での息を回復するよ！",
  "tf35":"エッジの周囲の火花に注意してね",
  "tf36":"灯りがオフになると、ソーラーブロックが消えるよ！",
  "tf37":"火花が水に触れると電気が流れるよ",
  "tf38":"Vex 7をプレイしてくれて、本当にありがとう！　あともう少しだよ...",
  "tf39":"ピンクのブロックは、近づくほど見えなくなるよ",
  "tf40":"赤いカギは5秒後に消えるよ",
  "tf41":"立ったままステージを見渡すことができるよ",
  "tf42":"これで、最終テストだよ。ワイヤーにやられたら、またやり直すことになるよ！",
  "tf43":"道が違うよ、お馬鹿さん！",
  "tf44":"スペースボタンを使って敵と戦おう",
  "tf44Mob":"攻撃ボタンを使って敵と戦おう",
  "tf45":"ジャンプポーションを拾って追加ジャンプをしよう",
  "tf46":"グラップルパッドの上で上を押し、フックに向かって進もう",
  "tf47":"下またはスペースを押すと、ブロックを壊せるよ",
  "tf47Mob":"下または攻撃を押すと、ブロックを壊せるよ",
  "tf48":"下を押すと、レバーを使ってパルスブロックを有効にするよ",
  "tf49":"限定スキン用のタワーコインを獲得しよう",
  "autoRestart":"死亡したら自動でステージをやり直し",
  "noBlood":"流血を無効化",
  "highScore":"ハイスコア:",
  "floor":"フロア"
}