{
  "language": "Linguagem",
  "yes":"SIM",
  "no":"NÃO",
  "youOk":"VOCÊ ESTÁ BEM?",
  "complete":"COMPLETAR",
  "pause":"PAUSAR",
  "paused":"PAUSADO",
  "tower":"TORRE DO TERROR",
  "play":"JOGAR",
  "trophies":"TROFÉUS",
  "resetsIn":"RESETA EM",
  "settings":"CONFIGURAÇÕES",
  "mainmenu":"MENU PRINCIPAL",
  "actSelect":"SELEÇÃO DE ACT",
  "autoReset":"Reset automático após o melhor tempo",
  "unavailable":"Indisponível",
  "on":"ATIVADO",
  "off":"DESATIVADO",
  "retry":"TENTAR NOVAMENTE",
  "exit":"SAIR",
  "back":"VOLTAR",
  "reward":"RECOMPENSA",
  "rewarded":"RECOMPENSADO",
  "watchAD":"VER ANÚNCIO",
  "watchADDes":"VER ANÚNCIO PARA RESGATAR AGORA!",
  "continue":"CONTINUAR",
  "lvlObj":"OBJETIVOS DO NÍVEL",
  "lvlComplete":"NÍVEL COMPLETADO",
  "pressDownEnter":"Aperte para baixo para entrar",
  "checkpoint":"PONTO DE CONTROLE",
  "lang":"IDIOMA",
  "noThanks":"NÃO, OBRIGADO",
  "towerDeteated":"CONTINUAR",
  "towerComplete":"TORRE CONCLUÍDA",
  "towerCreditsCollect":"Créditos da Torre Coletados",
  "floorsPassed":"Andar completado",
  "continueDes":"Ver anúncio para reanimar",
  "powerUpTitle":"Poder ativo",
  "powerUpDes":"Ver anúncio para ganhar o poder do escudo",
  "skins":"SKINS",
  "chooseSkin":"ESCOLHER SKIN",
  "spin":"ALEATÓRIA",
  "preview":"VISUALIZAR",
  "equip":"EQUIPAR",
  "equipped":"EQUIPADO",
  "skinRarity0":"COMUM",
  "skinRarity1":"RARO",
  "skinRarity2":"ÉPICO",
  "skinRarity3":"LENDÁRIO",
  "skinRarity4":"MÍTICO",
  "dailyTasks":"ATIVIDADES DIÁRIAS",
  "dailyTaskTitle0":"COLETOR",
  "dailyTaskDes0":"Colete um total de <x> moedas",
  "dailyTaskTitle1":"JOGADOR",
  "dailyTaskDes1":"Complete o nível",
  "dailyTaskTitle2":"TORRE",
  "dailyTaskDes2":"Jogar na Torre do Terror",
  "dailyTaskTitle3":"SUPER JOGADOR",
  "dailyTaskDes3":"Complete qualquer nível 3",
  "lvlTarget1":"Complete a fase",
  "lvlTarget2":"Colete <x> moedas",
  "lvlTarget3":"Complete a fase sem morrer",
  "lvlTarget3less":"Complete a fase morrendo menos de <x> vezes",
  "acthub":"TELA DE NÍVEIS",
  "actNorm":"ACT",
  "actVex":"VEXATION",
  "actHard":"DIFÍCIL",
  "actSkin":"Personagens",
  "actbonusStage":"FASE BÔNUS",
  "newAchive":"NOVA CONQUISTA DESBLOQUEADA",
  "newAchiveSkin":"Nova skin desbloqueada!",
  "trophieActs":"Acts",
  "trophieStandart":"Nornal",
  "trophieHard":"Difícil",
  "trophieTower":"Torre",
  "trophieAchive":"Conquistas",
  "trophieDesAct":"Complete o Act <x>",
  "trophieDesActHard":"Complete o Act Difícil <x>",
  "trophieDes_floor10":"Complete 10 andares",
  "trophieDes_floor100":"Complete 100 andares",
  "trophieDes_floor500":"Complete 500 andares",
  "trophieDes_killAndroid":"Cavaleiro Derrotado",
  "trophieDes_killBatteringRam":"Aríetes Derrotados",
  "trophieDes_killDrone":"Drones Derrotados",
  "trophieDes_death":"Obtenha mais de 100 mortes totais",
  "trophieDes_playh":"Jogue o jogo por mais de uma hora.",
  "trophieDes_gasping":"Emerja após nadar com uma bolha de sobra",
  "trophieDes_vex":"Complete o VEXATION",
  "trophieDes_allActs":"Complete todos os Acts normais",
  "trophieDes_allActsHard":"Complete todos os Acts difíceis",
  "trophieDes_allSkins":"OBTENHA TODAS AS SKINS",
  "trophieDes_daily10":"COMPLETE 10 ATIVIDADES DIÁRIAS",
  "trophieDes_daily50":"COMPLETE 50 ATIVIDADES DIÁRIAS",
  "trophieDes_daily100":"COMPLETE 100 ATIVIDADES DIÁRIAS",
  "bestTime":"Melhor tempo:",
  "death0_1":"Cravado!",
  "death0_2":"Estourado!",
  "death1_1":"Salpicado!",
  "death1_2":"Dura aterrissagem!",
  "death2_1":"Triturado!",
  "death2_2":"Estraga prazeres!",
  "death2_3":"Em pedaços!",
  "death3_1":"Esmagado!",
  "death3_2":"Espremido!",
  "death3_3":"Muito comprimido!",
  "death4_1":"Pulmões colapsados!",
  "death4_2":"Afogado!",
  "death4_3":"Dormindo com os peixes...!",
  "death5_1":"Desaparecido!",
  "death5_2":"Direto para o inferno!",
  "death5_3":"Caiu muito longe!",
  "death6_1":"Sem entrada!",
  "death7_1":"Suprimido.",
  "death7_2":"Espremido.",
  "death7_3":"Esmagado.",
  "death8_1":"Colhido.",
  "death8_2":"Ceifado",
  "death8_3":"Morte cruel.",
  "death8_4":"Decapitado.",
  "death9_1":"Provou o shurikenjutsu!",
  "death9_2":"Péssimo ninja!",
  "death9_3":"Fatiado e picado!",
  "death10_1":"Quatro jeitos de morrer!",
  "death10_2":"Fatiado e picado!",
  "death11_1":"Eletrocutado!",
  "death11_2":"Chispado!",
  "death11_3":"Chocante.",
  "death12_1":"Esmagado!",
  "death12_2":"Espremido!",
  "death12_3":"Muito comprimido!",
  "death13_1":"Deslizado.",
  "death13_2":"Apressado.",
  "death13_3":"Rasgado",
  "death14_1":"Destruído!",
  "death14_2":"Espalhado!",
  "death14_3":"Vexman frito!",
  "death15_1":"Cravada surpresa!",
  "death15_2":"Penetrado!",
  "tf1":"Bem-vindo de volta ao VEX",
  "tf2":"Aperte para baixo para entrar no Act1",
  "tf3":"Com a pipa você pode voar!",
  "tf4":"Use a tocha para explodir TNT!",
  "tf5":"Não toque a água ou você perderá sua tocha",
  "tf6":"Jogue em novos acts subindo no bloco do act",
  "tf7":"Pule de lado a lado para subir",
  "tf8":"Bom trabalho! Agora, encontre o próximo act",
  "tf9":"Cuidado! Blocos cinzas são ativados e desativados",
  "tf10":"Siga as setas para chegar ao final",
  "tf11":"Enquanto estiver correndo, segure para baixo para deslizar!",
  "tf12":"Como antes, os blocos roxos são muito frágeis",
  "tf13":"Mova-se com as setas ou com WASD",
  "tf13Mob":"Toque as setas para se MOVER",
  "tf14":"Os blocos laranja lhe rebotam muito alto!",
  "tf15":"Agarre um mastro para deslizar para cima e para baixo",
  "tf16":"Estes portais lhe teletransportam a outro lugar no mapa",
  "tf17":"Obtenha 3 estrelas no Act 1 para desbloquear o modo Difiícil",
  "tf18":"Você está indo muito bem até agora!",
  "tf19":"Atenção, longas caídas podem matá-lo!",
  "tf20":"Cuidado, seu ar está acabando! Nade movendo-se para frente na direção de sua mira",
  "tf21":"Os blocos marrons podem ser empurrados para ambos lados!",
  "tf22":"Aperte para baixo em um bloco bloqueado para chutá-lo",
  "tf23":"Pule enquanto estiver na seção vermelha para balançar para frente",
  "tf24":"Pular na seção azul lhe balança mais longe",
  "tf25":"Mude a direção do balance usando direita e esquerda",
  "tf26":"O gelo é escorregadio e derrete com o tempo!",
  "tf27":"Segure para baixo no ar para chutar e destruir vidro",
  "tf28":"O bloco de velocidade se move na direção indicada!",
  "tf29":"Para superar os lasers você deve ser rápido! Tente usar sua habilidade de chute segurando para baixo no ar",
  "tf30":"Use chaves para desbloquear blocos bloqueados",
  "tf31":"O portal está no final dos blocos bloqueados!",
  "tf32":"Você deve achar as chaves!",
  "tf33":"Suba no canhão e aperte para cima quando queira ser lançado!",
  "tf34":"Estas pequenas bolhas recarregam sua respiração baixo água!",
  "tf35":"Cuidado com a chispa na ponta",
  "tf36":"Os blocos solares desaparecem quando as luzes estão apagadas!",
  "tf37":"Se uma chispa tocar a água, ela será eletrificada",
  "tf38":"Obrigado por jogar Vex 7! Estamos quase prontos...",
  "tf39":"Os blocos rosas ficam invisíveis quando você se aproxima",
  "tf40":"As chaves vermelhas desaparecem após 5 segundos",
  "tf41":"Você pode olhar ao redor da área enquanto estiver parado",
  "tf42":"Este é o teste final. Se os cabos chegaram ao final antes de você, você terá que recomeçar todo o act!",
  "tf43":"Direção errada, bobo!",
  "tf44":"Use o botão de ESPAÇO para lutar contra os inimigos",
  "tf44Mob":"Use o botão de ataque para lutar contra os inimigos",
  "tf45":"Pegue poção de salto para dar um salto extra",
  "tf46":"Aperte para cima em uma impulsora para alcançar o gancho",
  "tf47":"Aperte para baixo ou espaço para romper o bloco",
  "tf47Mob":"Aperte para baixo ou o botão de ataque para romper o bloco",
  "tf48":"Pressione para baixo para usar a alavanca para ativar o bloqueio de pulso",
  "tf49":"Ganhe moedas da Torre para obter skins exclusivas",
  "autoRestart":"RECOMEÇAR NÍVEL AUTOMATICAMENTE APÓS MORTE",
  "noBlood":"DESATIVAR O SANGUE",
  "highScore":"Pontuação alta:",
  "floor":"Chão"
}