{
  "language": "Dil",
  "yes":"EVET",
  "no":"HAYIR",
  "youOk":"İYİ MİSİN?",
  "complete":"TAMAMLA",
  "pause":"DURAKLAT",
  "paused":"DURAKLATILDI",
  "tower":"TERÖR KULESİ",
  "play":"OYNA",
  "trophies":"KUPALAR",
  "resetsIn":"YENİLENME SÜRESİ",
  "settings":"AYARLAR",
  "mainmenu":"ANA MENÜ",
  "actSelect":"ACT SEÇİMİ",
  "autoReset":"En iyi zaman geçtiğinde otomatik sıfırla",
  "unavailable":"Kullanım dışı",
  "on":"AÇIK",
  "off":"KAPALI",
  "retry":"TEKRAR DENE",
  "exit":"ÇIKIŞ",
  "back":"GERİ",
  "reward":"ÖDÜL",
  "rewarded":"ÖDÜL VERİLDİ",
  "watchAD":"REKLAM İZLE",
  "watchADDes":"ALMAK İÇİN REKLAM İZLE!",
  "continue":"DEVAM ET",
  "lvlObj":"SEVİYE GEREKSİNİMLERİ",
  "lvlComplete":"SEVİYE TAMAMLANDI",
  "pressDownEnter":"Giriş için aşağı bas",
  "checkpoint":"BAŞLANGIÇ",
  "lang":"Dil",
  "noThanks":"HAYIR TEŞEKKÜRLER",
  "towerDeteated":"DEVAM ET",
  "towerComplete":"KULE TAMAMLANDI",
  "towerCreditsCollect":"Toplanan Kule Ödülleri",
  "floorsPassed":"Geçilen katlar",
  "continueDes":"Canlanmak için reklam izle",
  "powerUpTitle":"Güç ver",
  "powerUpDes":"Güç kalkanı için reklam izle",
  "skins":"GÖRÜNÜMLER",
  "chooseSkin":"GÖRÜNÜM SEÇ",
  "spin":"RASTGELE",
  "preview":"ÖN İZLEME",
  "equip":"KUŞAN",
  "equipped":"KUŞANILDI",
  "skinRarity0":"YAYGIN",
  "skinRarity1":"NADİR",
  "skinRarity2":"EPİK",
  "skinRarity3":"EFSANEVİ",
  "skinRarity4":"MİTİK",
  "dailyTasks":"GÜNLÜK GÖREVLER",
  "dailyTaskTitle0":"KOLEKSİYONCU",
  "dailyTaskDes0":"Toplam <x> altın topla",
  "dailyTaskTitle1":"OYUNCU",
  "dailyTaskDes1":"Tamamlanması gereken seviye",
  "dailyTaskTitle2":"KULE",
  "dailyTaskDes2":"Terör Kulesi Oyna",
  "dailyTaskTitle3":"SÜPER OYUNCU",
  "dailyTaskDes3":"Herhangi 3 seviyeyi tamamla",
  "lvlTarget1":"Bölümü geç",
  "lvlTarget2":"<x> altın topla",
  "lvlTarget3":"Ölmeden bölümü geç",
  "lvlTarget3less":"<x> kereden daha az ölerek bölümü tamamla",
  "acthub":"Seviye Havuzu",
  "actNorm":"ACT",
  "actVex":"VEXATION",
  "actHard":"ŞİDDETLİ",
  "actSkin":"Karakterler",
  "actbonusStage":"BONUS BÖLÜMÜ",
  "newAchive":"Yeni başarı açıldı",
  "newAchiveSkin":"Yeni görünüm açıldı!",
  "trophieActs":"Actler",
  "trophieStandart":"Standart",
  "trophieHard":"Şiddetli",
  "trophieTower":"Kule",
  "trophieAchive":"Başarılar",
  "trophieDesAct":"Act <x> tamamla",
  "trophieDesActHard":"Zor Act <x> tamamla",
  "trophieDes_floor10":"10 kat tamamla",
  "trophieDes_floor100":"100 kat tamamla",
  "trophieDes_floor500":"500 kat tamamla",
  "trophieDes_killAndroid":"Mağlup Şövalye",
  "trophieDes_killBatteringRam":"Mağlup Koçbaşı",
  "trophieDes_killDrone":"Mağlup Drone",
  "trophieDes_death":"100'den fazla ölüm",
  "trophieDes_playh":"Bir saatten fazla oyna",
  "trophieDes_gasping":"Kalan tek baloncukla yüzerek çık",
  "trophieDes_vex":"VEXATION tamamla",
  "trophieDes_allActs":"Tüm standart Actleri tamamla",
  "trophieDes_allActsHard":"Tüm şiddetli Actleri tamamla",
  "trophieDes_allSkins":"TÜM GÖRÜNÜMLERİ KAZAN",
  "trophieDes_daily10":"10 GÜNLÜK GÖREV TAMAMLA",
  "trophieDes_daily50":"50 GÜNLÜK GÖREV TAMAMLA",
  "trophieDes_daily100":"100 GÜNLÜK GÖREV TAMAMLA",
  "bestTime":"En İyi Süre:",
  "death0_1":"Çivilendi!",
  "death0_2":"Patladı!",
  "death1_1":"Sıçradı!",
  "death1_2":"Sert iniş!",
  "death2_1":"Parçalandı!",
  "death2_2":"Ucu ucuna!",
  "death2_3":"Parçalara ayrıldı!",
  "death3_1":"Kabak gibi ezildi!",
  "death3_2":"Bastırıldı!",
  "death3_3":"Sıkıştı!",
  "death4_1":"Akciğerler çöktü!",
  "death4_2":"Boğuldu!",
  "death4_3":"Balıklara yem oldu!",
  "death5_1":"Yok oldu!",
  "death5_2":"Tahtalıköyü boyladı!",
  "death5_3":"Uzaklara düştü!",
  "death6_1":"Giriş yok!",
  "death7_1":"Pelte oldu.",
  "death7_2":"Kabak gibi ezildi.",
  "death7_3":"Ezildi.",
  "death8_1":"Biçildi.",
  "death8_2":"Biçildi.",
  "death8_3":"Acı ölüm.",
  "death8_4":"Kellesi uçtu.",
  "death9_1":"Shurikenjutsu yaptı!",
  "death9_2":"Kötü ninja!",
  "death9_3":"Dilim dilim doğrandı!",
  "death10_1":"Dört bir yandan ölüm!",
  "death10_2":"Dilim dilim doğrandı!",
  "death11_1":"Elektrik çarptı!",
  "death11_2":"Kıvılcım çıktı!",
  "death11_3":"Şok edici.",
  "death12_1":"Ezildi!",
  "death12_2":"Sıkıştı!",
  "death12_3":"Sıkıştı!",
  "death13_1":"Tokatlandı.",
  "death13_2":"Ayaklarından fırladı.",
  "death13_3":"Parçalara ayrıldı",
  "death14_1":"Yok edildi!",
  "death14_2":"Püskürtüldü!",
  "death14_3":"Kızarmış vexman!",
  "death15_1":"Sürpriz çivilendi!",
  "death15_2":"Delindi!",
  "tf1":"VEX'e tekrar hoşgeldin",
  "tf2":"Act1'e başlamak için aşağı bas",
  "tf3":"Uçurtma ile uçabilirsin!",
  "tf4":"TNT'yi patlatmak için meşale kullan",
  "tf5":"Suya dokunma yoksa meşalen söner",
  "tf6":"Act bloklarında durarak yeni actler oyna",
  "tf7":"Kalkmak için bir yandan diğer yana zıpla",
  "tf8":"Aferin! Şimdi bir sonraki acti bul",
  "tf9":"Dikkat et! Gri bloklar açılır ve kapanır",
  "tf10":"Sona ulaşmak için okları takip et",
  "tf11":"Koşarken, kaymak için basılı tut!",
  "tf12":"Daha önceki gibi, mor bloklar oldukça zayıf",
  "tf13":"Yön tuşları ya da WASD tuşları ile hareket et",
  "tf13Mob":"HAREKET ETMEK için Oklara dokun",
  "tf14":"Turuncu bloklar çok yükseğe sektirir!",
  "tf15":"Yukarı ve aşağı kaydırmak için direk alabilirsin",
  "tf16":"Bu portallar haritada başka bir yere ışınlar",
  "tf17":"Zor modun kilidini açmak için Act 1'de 3 yıldız al",
  "tf18":"Şimdiye kadar gayet iyi gidiyorsun!",
  "tf19":"Dikkat et, uzaktan düşüşler seni öldürebilir.",
  "tf20":"Dikkat et, nefesin tükeniyor! Yüzün dönük şekilde ilerleyerek yüz",
  "tf21":"Kahverengi bloklar her iki yöne de itilebilir!",
  "tf22":"Tekmelemek için kapana kısılmış bir bloğa bastır",
  "tf23":"İleriye doğru sallanmak için kırmızı bölümdeyken zıpla",
  "tf24":"Mavi bölüme atlamak, seni daha fazla sallar",
  "tf25":"Sol veya sağ kullanarak vuruşun yönünü değiştir",
  "tf26":"Buz kaygandır ve zamanla erir!",
  "tf27":"Camı tekmelemek ve parçalamak için havada basılı tut",
  "tf28":"Hız bloğu seni gösterilen yönde hareket ettirir!",
  "tf29":"Lazerleri yenmek için hızlı olmalısın! Havada basılı tutarak tekme yeteneğini kullan",
  "tf30":"Kilitli blokların kilidini açmak için tuşları kullan",
  "tf31":"Portal, kilitli blokların sonunda!",
  "tf32":"Anahtarları bulmalısın!",
  "tf33":"Topa atla ve ateşlenmek istediğinde yukarı bas!",
  "tf34":"Bu küçük baloncuklar nefesini su altında yeniler!",
  "tf35":"Kenardaki kıvılcıma dikkat et",
  "tf36":"Işık kapalıyken güneş blokları kaybolur!",
  "tf37":"Bir kıvılcım suya dokunursa elektriklenir",
  "tf38":"Vex 7'yi oynadığın için teşekkürler! Neredeyse hazırsın...",
  "tf39":"Yaklaştıkça pembe bloklar görünmez olur",
  "tf40":"Kırmızılar 5 saniye sonra kaybolur",
  "tf41":"Hareketsiz dururken bölüme bakabilirsin",
  "tf42":"İşte bu, son test. Tel seni sonuna kadar yenerse, tüm acti baştan yapman gerekecek!",
  "tf43":"Yanlış yön, sersem!",
  "tf44":"Düşmanlarla savaşmak için BOŞLUK tuşunu kullan",
  "tf44Mob":"Düşmanlarla savaşmak için saldırı tuşunu kullan",
  "tf45":"Fazladan  sıçrama yapmak için atlama iksirini al",
  "tf46":"Kendini kancaya itmek için kıskaca bas",
  "tf47":"Bloğu kırmak için aşağı veya boşluk tuşuna bas",
  "tf47Mob":"Bloğu kırmak için aşağı veya saldırı tuşuna bas",
  "tf48":"Darbe bloğunu etkinleştirmek üzere kolu aşağı çekin",
  "tf49":"Özel görünümler için Kule altınları kazan",
  "autoRestart":"ÖLÜM SONRASI OTOMATİK BAŞLAMA SEVİYESİ",
  "noBlood":"KAN EFEKTİNİ KAPAT",
  "highScore":"Yüksek skor:",
  "floor":"Kat"
}