{
  "language": "لغة",
  "yes":"نعم",
  "no":"لا",
  "youOk":"هل أنت على ما يرام؟",
  "complete":"أنجزت",
  "pause":"إيقاف مؤقت",
  "paused":"متوقفة مؤقتاً",
  "tower":"برج الهول",
  "play":"العب",
  "trophies":"الجوائز",
  "resetsIn":"يعاد ضبطه بعد",
  "settings":"الإعدادات",
  "mainmenu":"القائمة الرئيسية",
  "actSelect":"اختيار الفصل",
  "autoReset":"أعد الضبط عند تجاوز الوقت القياسي",
  "unavailable":"غير متاح",
  "on":"مفعّل",
  "off":"معطّل",
  "retry":"إعادة المحاولة",
  "exit":"خروج",
  "back":"للخلف",
  "reward":"المكافأة",
  "rewarded":"نلتها",
  "watchAD":"شاهد إعلاناً",
  "watchADDes":"شاهد إعلاناً لجمعها الآن!",
  "continue":"متابعة",
  "lvlObj":"أهداف المستوى",
  "lvlComplete":"أنجزت المستوى",
  "pressDownEnter":"اضغط للأسفل للدخول",
  "checkpoint":"نقطة حفظ",
  "lang":"اللغة",
  "noThanks":"لا، شكراً",
  "towerDeteated":"متابعة",
  "towerComplete":"تم الانتهاء من البرج",
  "towerCreditsCollect":"قطع البرج التي جمعتها",
  "floorsPassed":"عدد الطوابق التي مررت بها",
  "continueDes":"شاهد إعلاناً لتعيد إحياء نفسك",
  "powerUpTitle":"معزِّز",
  "powerUpDes":"شاهد إعلاناً لتفعيل معزز الدرع",
  "skins":"الملابس",
  "chooseSkin":"اختر لباساً",
  "spin":"لفّة",
  "preview":"معاينة",
  "equip":"ارتداء",
  "equipped":"ارتديته",
  "skinRarity0":"شائع",
  "skinRarity1":"نادر",
  "skinRarity2":"ملحمي",
  "skinRarity3":"أسطوري",
  "skinRarity4":"خرافي",
  "dailyTasks":"المهام اليومية",
  "dailyTaskTitle0":"الجامع",
  "dailyTaskDes0":"اجمع <x> من العملات",
  "dailyTaskTitle1":"اللاعب",
  "dailyTaskDes1":"أكمل المستوى",
  "dailyTaskTitle2":"البرج",
  "dailyTaskDes2":"العب في برج الهول",
  "dailyTaskTitle3":"لاعبٌ خارق",
  "dailyTaskDes3":"أكمل 3 مستويات",
  "lvlTarget1":"أكمل المرحلة",
  "lvlTarget2":"اجمع <x> من العملات",
  "lvlTarget3":"أكمل المرحلة دون أن تموت",
  "lvlTarget3less":"أكمل المرحلة دون أن تموت <x> من المرات أو أكثر",
  "acthub":"مركز المستويات",
  "actNorm":"الفصل",
  "actVex":"VEXATION",
  "actHard":"صعب",
  "actSkin":"الشخصيات",
  "actbonusStage":"مرحلةٌ إضافية",
  "newAchive":"تم فتح إنجازٍ جديد",
  "newAchiveSkin":"تم فتح لباسٍ جديد",
  "trophieActs":"الفصول",
  "trophieStandart":"عادي",
  "trophieHard":"صعب",
  "trophieTower":"برج",
  "trophieAchive":"الإنجازات",
  "trophieDesAct":"أكمل الفصل <x>",
  "trophieDesActHard":"أكمل الفصل <x> الصعب",
  "trophieDes_floor10":"أكمل 10 طوابق",
  "trophieDes_floor100":"أكمل 100 طابق",
  "trophieDes_floor500":"أكمل 500 طابق",
  "trophieDes_killAndroid":"فارسٌ مهزوم",
  "trophieDes_killBatteringRam":"مدقة جدران محطمة",
  "trophieDes_killDrone":"درون محطم",
  "trophieDes_death":"مٌت أكثر من 100 مرة",
  "trophieDes_playh":"العب اللعبة لمدةٍ تزيد عن ساعةٍ كاملة",
  "trophieDes_gasping":"اخرج للسطح أثناء السباحة ومعك فقاعةٌ واحدةٌ متبقية",
  "trophieDes_vex":"أنجز VEXATION",
  "trophieDes_allActs":"أكمل كل الفصول العادية",
  "trophieDes_allActsHard":"أكمل كل الفصول الصعبة",
  "trophieDes_allSkins":"اجمع كل الألبسة",
  "trophieDes_daily10":"أنجز 10 مهامٍ يومية",
  "trophieDes_daily50":"أنجز 50 مهمةً يومية",
  "trophieDes_daily100":"أنجز 100 مهمةٍ يومية",
  "bestTime":"الوقت القياسي:",
  "death0_1":"لقد ثُقِبت!",
  "death0_2":"لقد فقعت!",
  "death1_1":"تناثرت أشلاؤك!",
  "death1_2":"سقوطٌ عنيف!",
  "death2_1":"لقد تم فرمك!",
  "death2_2":"ميتةٌ فظيعة!",
  "death2_3":"لقد تم نشرك إلى أشلاء!",
  "death3_1":"لقد هُرست!",
  "death3_2":"لقد سُحقت!",
  "death3_3":"ضغطٌ شديد!",
  "death4_1":"انهارت رئتاك!",
  "death4_2":"لقد غرقت!",
  "death4_3":"ستنام في الماء ولكن دون أسماك!",
  "death5_1":"لقد سقطت خارج العالم!",
  "death5_2":"إلى الجحيم مباشرةً!",
  "death5_3":"لقد سقطت بعيداً جداً!",
  "death6_1":"ممنوعٌ الدخول!",
  "death7_1":"لقد تم طحنك.",
  "death7_2":"لقد سُحقت!",
  "death7_3":"لقد هُرست!",
  "death8_1":"لقد تم تشريحك!",
  "death8_2":"لقد مُزّقت.",
  "death8_3":"ميتةٌ شنيعة.",
  "death8_4":"لقد قُطع رأسك.",
  "death9_1":"لقد جربت الشوركن جتسو!",
  "death9_2":"نينجا أخرق!",
  "death9_3":"لقد قُطعت إرباً إرباً!",
  "death10_1":"موتٌ رباعي!",
  "death10_2":"لقد قُطعت إرباً إرباً!",
  "death11_1":"لقد صُعقت!",
  "death11_2":"لقد احترقت!",
  "death11_3":"يا لها من صعقة.",
  "death12_1":"لقد هُرست!",
  "death12_2":"لقد سُحقت!",
  "death12_3":"ضغطٌ شديد!",
  "death13_1":"ضربةٌ عنيفة!",
  "death13_2":"نهايةٌ غير متوقعة!",
  "death13_3":"لقد تمزقت تمزيقاً!",
  "death14_1":"لقد تم مسحك!",
  "death14_2":"لقد تفحّمت!",
  "death14_3":"تحولت لبطاطس مقلية!",
  "death15_1":"اختراقٌ مفاجئ!",
  "death15_2":"لقد انغرزت!",
  "tf1":"أهلاً بعودتك إلى VEX",
  "tf2":"اضغط للأسفل لدخول الفصل 1",
  "tf3":"يمكنك استعمال الطائرة للطيران!",
  "tf4":"يمكنك استعمال المشعل لتفجير الـ TNT.",
  "tf5":"لا تلمس الماء لكي لا تخسر مشعلك",
  "tf6":"العب فصولاً جديدة عن طريق الوقوف على المربع الخاص بهم",
  "tf7":"اقفز من جانبٍ لآخر للصعود إلى أعلى",
  "tf8":"أحسنت! انطلق الآن واعثر على الفصل التالي",
  "tf9":"حاذر! المربعات الرمادية تظهر وتختفي",
  "tf10":"اتبع الأسهم لتصل للنهاية",
  "tf11":"اضغط السهم السفلي أثناء الركض للانزلاق!",
  "tf12":"وكالسابق، المربعات الأرجوانية ضعيفة",
  "tf13":"تحرّك باستخدام مفاتيح الأسهم أو WASD",
  "tf13Mob":"المس الأسهم للتحرك",
  "tf14":"ستدفعك المربعات البرتقالية عالياً في الهواء!",
  "tf15":"يمكنك التمسك بأحد الأعمدة والانزلاق عليه للأعلى أو الأسفل",
  "tf16":"ستنقلك هذه البوابات إلى مكانٍ آخر من الخريطة",
  "tf17":"اجمع 3 نجوم في الفصل 1 لكي تفتح الوضع الصعب",
  "tf18":"لقد أبليت بلاءً حسناً حتى الآن!",
  "tf19":"حاذر السقوط من مكانٍ مرتفع، لأنه قد يقتلك.",
  "tf20":"انتبه، يوشك نفسك أن ينقطع! اسبح عن طريق التحرك للأمام في الاتجاه الذي يقابل وجهك",
  "tf21":"يمكنك دفع المربعات البنية من الجهتين!",
  "tf22":"اضغط للأسفل على مربعٍ عالق لدفعه",
  "tf23":"اقفز أثناء التواجد في القسم الأحمر لكي تتأرجح للأمام",
  "tf24":"ستتأرجح بقوةٍ أكبر إذا قفزت في القسم الأزرق",
  "tf25":"غيّر اتجاه التأرجح عند طريق التوجه يساراً أو يميناً",
  "tf26":"الجليد زلقٌ ويذوب مع مرور الوقت!",
  "tf27":"اضغط للأسفل باستمرار وأنت في الهواء لكي تركل وتحطم الزجاج",
  "tf28":"ستدفعك مربعات السرعة بالاتجاه الموضح!",
  "tf29":"يجب أن تكون سريعاً إذا أردت هزيمة الليزر! جرب استعمال الركلات أثناء تواجدك في الهواء بالضغط المستمر للأسفل",
  "tf30":"استعمل المفاتيح لفتح المربعات المغلقة",
  "tf31":"البوابة موجودةٌ في نهاية المربعات المغلقة!",
  "tf32":"يجب أن تعثر على المفاتيح!",
  "tf33":"اقفز لداخل المدفع واضغط للأعلى عندما تقرر أن تطلق نفسك!",
  "tf34":"ستعيد هذه الفقاعات الصغيرة شحن أنفاسك وأنت تحت الماء!",
  "tf35":"احذر الشرارة التي تتحرك على الحافة",
  "tf36":"تختفي المربعات الشمسية عندما تطفَأ الأضواء!",
  "tf37":"إذا لمست الشرارة الماء فستصبح الماء مكهربة",
  "tf38":"نشكرك على لعب Vex 7! لقد أوشكت على الانتهاء...",
  "tf39":"ستختفي المربعات الوردية تدريجياً عند الاقتراب منها",
  "tf40":"تختفي المفاتيح الحمراء بعد 5 ثوانٍ",
  "tf41":"يمكنك النظر في الأرجاء من دون أن تتحرك",
  "tf42":"لقد فعلتها! هذا هو الاختبار الأخير. إذا احترق السلك قبل وصولك للنهاية، فسيتوجب عليك إعادة الفصل بأكمله!",
  "tf43":"إنه الطريق الخطأ!",
  "tf44":"استعمل زر SPACE لمحاربة الأعداء",
  "tf44Mob":"استعمل زر الهجوم لمحاربة الأعداء",
  "tf45":"التقط شراب القفز لكي تقفز عالياً أكثر",
  "tf46":"اضغط للأعلى على لوح التمسك لتدفع نفسك نحو الخطاف",
  "tf47":"اضغط للأسفل أو SPACE لكسر المربع",
  "tf47Mob":"اضغط للأسفل أو زر الهجوم لكسر المربع",
  "tf48":"اضغط للأسفل لاستعمال الرافعة وتفعيل المربع النابض",
  "tf49":"اجمع عملات البرج للحصول على ملابس حصرية",
  "autoRestart":"إعادة تشغيل المستوى تلقائياً عند الموت",
  "noBlood":"إخفاء الدم",
  "highScore":"أفضل نتيجة:",
  "floor":"الطابق"
}