{
  "language": "Lingua",
  "yes":"SÌ",
  "no":"NO",
  "youOk":"TUTTO OK?",
  "complete":"COMPLETA",
  "pause":"PAUSA",
  "paused":"IN PAUSA",
  "tower":"TORRE DEL TERRORE",
  "play":"GIOCA",
  "trophies":"TROFEI",
  "resetsIn":"RESET TRA",
  "settings":"IMPOSTAZIONI",
  "mainmenu":"MENU PRINCIPALE",
  "actSelect":"SELEZIONE ACT",
  "autoReset":"Reset automatico una volta superato il miglior tempo",
  "unavailable":"Non disponibile",
  "on":"ON",
  "off":"OFF",
  "retry":"RIPROVA",
  "exit":"ESCI",
  "back":"INDIETRO",
  "reward":"RICOMPENSA",
  "rewarded":"OTTENUTA",
  "watchAD":"GUARDA ANNUNCIO",
  "watchADDes":"GUARDA UN ANNUNCIO PER LA RICOMPENSA!",
  "continue":"CONTINUA",
  "lvlObj":"OBIETTIVI DEL LIVELLO",
  "lvlComplete":"LIVELLO COMPLETATO",
  "pressDownEnter":"Premi verso il basso per accedere",
  "checkpoint":"CHECKPOINT",
  "lang":"Lingua",
  "noThanks":"NO, GRAZIE",
  "towerDeteated":"CONTINUA",
  "towerComplete":"TORRE COMPLETATA",
  "towerCreditsCollect":"Crediti della Torre raccolti",
  "floorsPassed":"Piani superati",
  "continueDes":"Guarda annuncio per risuscitare",
  "powerUpTitle":"Potenziamento",
  "powerUpDes":"Guarda annuncio per lo scudo di potenziamento",
  "skins":"SKIN",
  "chooseSkin":"SCEGLI SKIN",
  "spin":"ALEATORIO",
  "preview":"ANTEPRIMA",
  "equip":"USA",
  "equipped":"USATA",
  "skinRarity0":"COMUNE",
  "skinRarity1":"RARE",
  "skinRarity2":"EPIC",
  "skinRarity3":"LEGENDARY",
  "skinRarity4":"MYTHIC",
  "dailyTasks":"MISSIONI GIORNALIERE",
  "dailyTaskTitle0":"COLLEZIONISTA",
  "dailyTaskDes0":"Raccogli un totale di <x> monete",
  "dailyTaskTitle1":"GIOCATORE",
  "dailyTaskDes1":"Completa livello",
  "dailyTaskTitle2":"TORRE",
  "dailyTaskDes2":"Gioca alla Torre del Terrore",
  "dailyTaskTitle3":"SUPER GIOCATORE",
  "dailyTaskDes3":"Completa 3 livelli qualsiasi",
  "lvlTarget1":"Completa il livello",
  "lvlTarget2":"Raccogli <x> monete",
  "lvlTarget3":"Completa il livello senza morire",
  "lvlTarget3less":"Completa il livello morendo meno di <x> volte",
  "acthub":"CENTRO LIVELLI",
  "actNorm":"ACT",
  "actVex":"VEXATION",
  "actHard":"HARDCORE",
  "actSkin":"Personaggi",
  "actbonusStage":"LIVELLO BONUS",
  "newAchive":"Nuovo obiettivo sbloccato",
  "newAchiveSkin":"Nuova skin sbloccata!",
  "trophieActs":"Act",
  "trophieStandart":"Standard",
  "trophieHard":"HARDCORE",
  "trophieTower":"TORRE",
  "trophieAchive":"Obiettivi",
  "trophieDesAct":"Completa Act <x>",
  "trophieDesActHard":"Completa Act Difficile <x>",
  "trophieDes_floor10":"Completa 10 piani",
  "trophieDes_floor100":"Completa 100 piani",
  "trophieDes_floor500":"Completa 500 piani",
  "trophieDes_killAndroid":"Cavaliere sconfitto",
  "trophieDes_killBatteringRam":"Ariete sconfitto",
  "trophieDes_killDrone":"Drone sconfitto",
  "trophieDes_death":"Superare le 100 morti in totale",
  "trophieDes_playh":"Giocare per oltre un'ora",
  "trophieDes_gasping":"Riemergere dall'acqua con una sola bolla rimasta",
  "trophieDes_vex":"Completare VEXATION",
  "trophieDes_allActs":"Completare tutti gli Act standard",
  "trophieDes_allActsHard":"Completare tutti gli Act hardcore",
  "trophieDes_allSkins":"OTTENERE TUTTE LE SKIN",
  "trophieDes_daily10":"COMPLETARE 10 MISSIONI GIORNALIERE",
  "trophieDes_daily50":"COMPLETARE 50 MISSIONI GIORNALIERE",
  "trophieDes_daily100":"COMPLETARE 100 MISSIONI GIORNALIERE",
  "bestTime":"Miglior tempo:",
  "death0_1":"Sbudellato!",
  "death0_2":"Beccato!",
  "death1_1":"Spiaccicato!",
  "death1_2":"Atterraggio duro!",
  "death2_1":"Trinciato!",
  "death2_2":"Sminuzzato!",
  "death2_3":"Fatto a pezzetti!",
  "death3_1":"Sbriciolato!",
  "death3_2":"Schiacciato!",
  "death3_3":"Maciullato!",
  "death4_1":"Polmoni collassati!",
  "death4_2":"Affogato!",
  "death4_3":"Stecchito!",
  "death5_1":"Fuori dal mondo!",
  "death5_2":"Diretto all'inferno!",
  "death5_3":"Caduto troppo in basso!",
  "death6_1":"Non entrare!",
  "death7_1":"Spappolato.",
  "death7_2":"Schiacciato.",
  "death7_3":"Sbriciolato.",
  "death8_1":"Squarciato.",
  "death8_2":"Falciato.",
  "death8_3":"Morte orrenda.",
  "death8_4":"Decapitato.",
  "death9_1":"Shurikenjutsu sperimentato!",
  "death9_2":"Pessimo ninja!",
  "death9_3":"Fatto a fettine!",
  "death10_1":"Quattro modi di morire!",
  "death10_2":"Fatto a fettine!",
  "death11_1":"Folgorato!",
  "death11_2":"Fulminato!",
  "death11_3":"Presa la scossa.",
  "death12_1":"Sbriciolato!",
  "death12_2":"Schiacciato!",
  "death12_3":"Maciullato!",
  "death13_1":"Colpito.",
  "death13_2":"Tolto dai piedi.",
  "death13_3":"Ridotto in mille pezzi",
  "death14_1":"Annientato!",
  "death14_2":"Fatto fuori!",
  "death14_3":"Vexman fritto!",
  "death15_1":"Infilzato alla sprovvista!",
  "death15_2":"Perforato!",
  "tf1":"Bentornato a VEX",
  "tf2":"Premi verso il basso per accedere all'Act 1",
  "tf3":"Con l'aquilone puoi volare!",
  "tf4":"Usa la torcia per far esplodere il TNT!",
  "tf5":"Non toccare l'acqua o perderai la torcia",
  "tf6":"Gioca a nuovi Act posizionandoti sul blocco corrispondente",
  "tf7":"Salta da un lato all'altro per risalire",
  "tf8":"Ottimo lavoro! Ora vai a cercare il prossimo Act",
  "tf9":"Attenzione! I blocchi grigi si attivano e si disattivano",
  "tf10":"Segui le frecce per arrivare alla fine",
  "tf11":"Mentre corri, tieni premuto per scivolare!",
  "tf12":"Come in precedenza, i blocchi viola sono piuttosto deboli",
  "tf13":"Spostati con i tasti freccia o WASD",
  "tf13Mob":"Tocca le frecce per SPOSTARTI",
  "tf14":"I blocchi arancioni ti fanno rimbalzare in alto!",
  "tf15":"Puoi afferrarti a un'asta per scivolare su e giù",
  "tf16":"Questi portali ti teletrasportano in un altro punto della mappa",
  "tf17":"Ottieni 3 stelle nell'Act 1 per sbloccare la modalità Difficile",
  "tf18":"Per ora stai andando bene!",
  "tf19":"Attenzione, le cadute dall'alto possono ucciderti!",
  "tf20":"Attenzione, stai per perdere il fiato! Nuota avanzando nella direzione in cui sei rivolto",
  "tf21":"I blocchi marroni possono essere spinti in qualsiasi direzione!",
  "tf22":"Premi verso il basso sopra un blocco intrappolato per spostarlo.",
  "tf23":"Salta mentre sei nella sezione rossa per oscillare in avanti",
  "tf24":"Saltare nella sezione blu ti fa oscillare più avanti",
  "tf25":"Cambia direzione di oscillazione con la freccia sinistra o destra",
  "tf26":"Il ghiaccio è scivoloso e si scioglie in fretta!",
  "tf27":"Mantieni premuto verso il basso a mezz'aria per calciare e spaccare il vetro",
  "tf28":"Il blocco di velocità ti sposta nella direzione indicata!",
  "tf29":"Per battere i laser devi essere veloce! Prova a calciare mantenendo premuto verso il basso a mezz'aria",
  "tf30":"Utilizza le chiavi per sbloccare i blocchi chiusi",
  "tf31":"Il portale si trova alla fine dei blocchi chiusi!",
  "tf32":"Devi trovare le chiavi!",
  "tf33":"Salta nel cannone e premi verso l'alto quando vuoi che ti spari!",
  "tf34":"Queste bollicine ti fanno riprendere fiato quando sei sott'acqua!",
  "tf35":"Attenzione alla scintilla intorno al bordo",
  "tf36":"I blocchi solari scompaiono quando la luce è spenta!",
  "tf37":"Se una scintilla tocca l'acqua emette una scarica elettrica",
  "tf38":"Grazie per giocare a Vex 7! Ce l'hai quasi fatta...",
  "tf39":"I blocchi rosa diventano invisibili più ti avvicini",
  "tf40":"Le chiavi rosse scompaiono dopo 5 secondi",
  "tf41":"Puoi dare un'occhiata al livello mentre sei fermo",
  "tf42":"Ecco qua la prova finale. Se il cavo ti colpisce a morte, dovrai rifare tutto l'Act!",
  "tf43":"Direzione sbagliata!",
  "tf44":"Usa il tasto SPAZIO per combattere i nemici",
  "tf44Mob":"Usa il pulsante Attacca per combattere i nemici",
  "tf45":"Raccogli la pozione del salto per fare un salto in più",
  "tf46":"Premi verso l'alto per aggrapparti e spingerti verso il gancio",
  "tf47":"Premi verso il basso o lo spazio per rompere il blocco",
  "tf47Mob":"Premi verso il basso o il pulsante Attacca per rompere il blocco",
  "tf48":"Premi verso il basso per usare la leva e attivare il blocco d'impulso",
  "tf49":"Guadagna monete della Torre per ottenere skin esclusive",
  "autoRestart":"RIAVVIO AUTOMATICO DEL LIVELLO IN CASO DI MORTE",
  "noBlood":"DISATTIVA SANGUE",
  "highScore":"Punteggio più alto:",
  "floor":"Piano"
}