{
  "language": "Язык",
  "yes":"ДА",
  "no":"НЕТ",
  "youOk":"ТЫ В ПОРЯДКЕ?",
  "complete":"ПРОЙТИ",
  "pause":"ПАУЗА",
  "paused":"НА ПАУЗЕ",
  "tower":"БАШНЯ УЖАСА",
  "play":"ИГРАТЬ",
  "trophies":"ТРОФЕИ",
  "resetsIn":"ОСТАЛОСЬ",
  "settings":"НАСТРОЙКИ",
  "mainmenu":"ГЛАВНОЕ МЕНЮ",
  "actSelect":"ВЫБРАТЬ АКТ",
  "autoReset":"Начать заново, если было превышено рекордное время",
  "unavailable":"ОТСУТСТВУЕТ",
  "on":"ВКЛ",
  "off":"ВЫКЛ",
  "retry":"ЗАНОВО",
  "exit":"ВЫЙТИ",
  "back":"НАЗАД",
  "reward":"НАГРАДА",
  "rewarded":"ВЫПОЛНЕНО",
  "watchAD":"РЕКЛАМА",
  "watchADDes":"ПОСМОТРЕТЬ ВИДЕО И ЗАБРАТЬ СЕЙЧАС!",
  "continue":"ПРОДОЛЖИТЬ",
  "lvlObj":"ЗАДАЧИ УРОВНЯ",
  "lvlComplete":"УРОВЕНЬ ПРОЙДЕН",
  "pressDownEnter":"Стрелка Вниз, Чтобы Войти",
  "checkpoint":"ЧЕКПОЙНТ",
  "lang":"Язык",
  "noThanks":"НЕТ, СПАСИБО",
  "towerDeteated":"ПРОДОЛЖИТЬ",
  "towerComplete":"БАШНЯ ПРОЙДЕНА",
  "towerCreditsCollect":"Собрано монет:",
  "floorsPassed":"Пройдено ярусов:",
  "continueDes":"Посмотреть рекламу и оживить.",
  "powerUpTitle":"Улучшить",
  "powerUpDes":"Посмотреть видео и получить защитный щит",
  "skins":"ОБЛИК",
  "chooseSkin":"ВЫБРАТЬ ОБЛИК",
  "spin":"НАУГАД",
  "preview":"ПРОСМОТР",
  "equip":"ВЫБРАТЬ",
  "equipped":"ВЫБРАНО",
  "skinRarity0":"ОБЫЧНЫЙ",
  "skinRarity1":"УНИКАЛЬНЫЙ",
  "skinRarity2":"ЭПИЧЕСКИЙ",
  "skinRarity3":"ЛЕГЕНДАРНЫЙ",
  "skinRarity4":"МИФИЧЕСКИЙ",
  "dailyTasks":"ЕЖЕДНЕВНЫЕ ЗАДАНИЯ",
  "dailyTaskTitle0":"СОБРАТЬ",
  "dailyTaskDes0":"Собрать монеты: <x>",
  "dailyTaskTitle1":"СЫГРАТЬ",
  "dailyTaskDes1":"ПРОЙТИ УРОВЕНЬ",
  "dailyTaskTitle2":"БАШНЯ",
  "dailyTaskDes2":"Сыграть в Башне Ужаса",
  "dailyTaskTitle3":"ОТЛИЧИТЬСЯ",
  "dailyTaskDes3":"Пройти любые 3 уровня",
  "lvlTarget1":"Пройти этап",
  "lvlTarget2":"Собрать <x> монет(ы)",
  "lvlTarget3":"Пройти этап, не умерев",
  "lvlTarget3less":"Пройти этап, умерев меньше <x> раз",
  "acthub":"УРОВНИ",
  "actNorm":"АКТ",
  "actVex":"VEXATION",
  "actHard":"ХАРДКОР",
  "actSkin":"Персонажи",
  "actbonusStage":"БОНУСНЫЙ ЭТАП",
  "newAchive":"Разблокировано новое достижение",
  "newAchiveSkin":"Разблокирован новый облик!",
  "trophieActs":"Акты",
  "trophieStandart":"Обычные",
  "trophieHard":"Хардкор",
  "trophieTower":"Башня",
  "trophieAchive":"Достижения",
  "trophieDesAct":"Пройти акт <x>",
  "trophieDesActHard":"Пройти акт хардкор <x>",
  "trophieDes_floor10":"Пройти 10 ярусов",
  "trophieDes_floor100":"Пройти 100 ярусов",
  "trophieDes_floor500":"Пройти 500 ярусов",
  "trophieDes_killAndroid":"Сраженный рыцарь",
  "trophieDes_killBatteringRam":"Поверженный таран",
  "trophieDes_killDrone":"Побежденный дрон",
  "trophieDes_death":"Умереть более 100 раз",
  "trophieDes_playh":"Играть больше часа",
  "trophieDes_gasping":"Всплыть с одним пузырьком",
  "trophieDes_vex":"Пройти VEXATION",
  "trophieDes_allActs":"Завершить все обычные акты",
  "trophieDes_allActsHard":"Завершить все акты хардкор",
  "trophieDes_allSkins":"СОБРАТЬ ВСЕ ОБЛИКИ",
  "trophieDes_daily10":"ВЫПОЛНИТЬ 10 ЕЖЕДНЕВНЫХ ЗАДАНИЙ",
  "trophieDes_daily50":"ВЫПОЛНИТЬ 50 ЕЖЕДНЕВНЫХ ЗАДАНИЙ",
  "trophieDes_daily100":"ВЫПОЛИНТЬ 100 ЕЖЕДНЕВНЫХ ЗАДАНИЙ",
  "bestTime":"Рекорд:",
  "death0_1":"Закололо!",
  "death0_2":"Попался!",
  "death1_1":"Разорвало!",
  "death1_2":"Жесткая посадка!",
  "death2_1":"Порвало на кусочки!",
  "death2_2":"Облом!",
  "death2_3":"Распилило на кусочки!",
  "death3_1":"Раздавило!",
  "death3_2":"Размазало!",
  "death3_3":"Сдавило!",
  "death4_1":"Не выдержали легкие!",
  "death4_2":"Утонул!",
  "death4_3":"Пошел на корм рыбам!",
  "death5_1":"Улетел в мир иной!",
  "death5_2":"Прямиком в ад!",
  "death5_3":"В лепешку!",
  "death6_1":"Пришел конец!",
  "death7_1":"Придавило.",
  "death7_2":"Размазало.",
  "death7_3":"Раздавило.",
  "death8_1":"Распотрошило!",
  "death8_2":"Подкосило.",
  "death8_3":"Мрачная кончина.",
  "death8_4":"Обезглавило!",
  "death9_1":"Так себе самурай!",
  "death9_2":"Никчемный ниндзя!",
  "death9_3":"В фарш!",
  "death10_1":"Четвертовало!",
  "death10_2":"В фарш!",
  "death11_1":"Убило током!",
  "death11_2":"Умер!",
  "death11_3":"О, ужас!",
  "death12_1":"Раздавило!",
  "death12_2":"Размазало!",
  "death12_3":"Сдавило!",
  "death13_1":"Ударило.",
  "death13_2":"Подкосило.",
  "death13_3":"Разорвало на кусочки",
  "death14_1":"Уничтожило!",
  "death14_2":"Застрелило!",
  "death14_3":"Поджарило!",
  "death15_1":"Упс! Закололо!",
  "death15_2":"Пронзило насквозь!",
  "tf1":"Добро пожаловать в VEX",
  "tf2":"Нажми стрелку вниз, чтобы зайти в Акт1",
  "tf3":"Дельтаплан позволит тебе летать!",
  "tf4":"Используй факел, чтобы взорвать TNT!",
  "tf5":"Избегай воды, чтобы не потерять факел",
  "tf6":"Чтобы открыть новые акты, нужно встать на соответствующий блок",
  "tf7":"Прыгай из стороны в сторону, чтобы взобраться вверх",
  "tf8":"Молодец! Отправляйся на поиски следующего акта",
  "tf9":"Осторожно! Серые блоки появляются и исчезают",
  "tf10":"Чтобы добраться до конца, следуй указателям",
  "tf11":"Чтобы скользить, на бегу нажми стрелку вниз!",
  "tf12":"Фиолетовые блоки неустойчивы",
  "tf13":"Управляй стрелками или клавишами WASD",
  "tf13Mob":"Чтобы двигаться, используй стрелки",
  "tf14":"Используй оранжевые блоки для высоких прыжков!",
  "tf15":"Используй шест, чтобы скользить вверх и вниз",
  "tf16":"Эти порталы перенесут тебя на другое место на карте",
  "tf17":"Заработай 3 звезды в Акте 1, чтобы разблокировать уровень хардкор",
  "tf18":"Неплохо справляешься!",
  "tf19":"Осторожно, длительные падения могут быть смертельными!",
  "tf20":"Осторожно, ты скоро задохнешься! Чтобы поплыть, нажми на стрелки по направлению движения",
  "tf21":"Коричневые блоки можно толкать в любую сторону!",
  "tf22":"Нажми вниз на застрявший блок, чтобы освободить его",
  "tf23":"Чтобы продвинуться вперед, подпрыгни, находясь в красном отсеке",
  "tf24":"Прыжок в голубом отсеке секции продвинет тебя еще дальше",
  "tf25":"Выбери направление движения стрелками влево или вправо",
  "tf26":"Лед очень скользкий и постепенно тает!",
  "tf27":"Удерживай стрелку вниз в воздухе, чтобы разбить стекло ногой",
  "tf28":"Ускоряющие блоки перемещают тебя в заданном направлении!",
  "tf29":"Чтобы победить лазеры, необходимо действовать быстро! Для удара ногой удерживай стрелку вниз в воздухе",
  "tf30":"Закрытые блоки открываются ключами",
  "tf31":"Портал расположен за закрытыми блоками!",
  "tf32":"Твоя задача — найти ключи!",
  "tf33":"Запрыгни в пушку и нажми вверх, чтобы взлететь!",
  "tf34":"Небольшие пузырьки восстанавливают твое дыхание под водой!",
  "tf35":"Берегись искры",
  "tf36":"Солнечные блоки исчезают при выключенном свете!",
  "tf37":"При контакте с искрой вода заряжается током",
  "tf38":"Спасибо, что играешь в Vex7! Осталось немного!",
  "tf39":"По мере твоего приближения розовые блоки становятся невидимыми",
  "tf40":"Красные ключи исчезают через 5 секунд",
  "tf41":"Ты можешь осмотреться, пока стоишь на месте",
  "tf42":"Вот и пришло время последнего испытания. Если тебя поразит кабелем, придется пройти весь акт заново!",
  "tf43":"Не туда, недотепа!",
  "tf44":"Чтобы отбиться от врагов, нажми ПРОБЕЛ",
  "tf44Mob":"Используй кнопку атаки, чтобы отбиться от врагов",
  "tf45":"Возьмите зелье xтобы прыгнуть еще выше",
  "tf46":"Нажми на крюк, чтобы подтянуться",
  "tf47":"Чтобы разбить блок, нажми вниз или пробел",
  "tf47Mob":"Чтобы разбить блок, нажми вниз или кнопку атаки",
  "tf48":"Нажми стрелку вниз, чтобы использовать рычаг и оттолкнуться от блока",
  "tf49":"Разблокируй уникальные облики за монеты в Башне",
  "autoRestart":"АВТОМАТИЧЕСКИЙ ПЕРЕЗАПУСК УРОВНЯ ПОСЛЕ СМЕРТИ",
  "noBlood":"НЕ ПОКАЗЫВАТЬ КРОВЬ",
  "highScore":"Рекорд:",
  "floor":"Ярус"
}