{
  "language": "Taal",
  "yes":"JA",
  "no":"NEE",
  "youOk":"ALLES GOED?",
  "complete":"VOLTOOI",
  "pause":"PAUZEER",
  "paused":"GEPAUZEERD",
  "tower":"TOREN VAN TERREUR",
  "play":"SPELEN",
  "trophies":"TROFEEËN",
  "resetsIn":"RESET OVER",
  "settings":"INSTELLINGEN",
  "mainmenu":"HOOFDMENU",
  "actSelect":"ACT SELECTIE",
  "autoReset":"Automatische reset wanneer de snelste tijd voorbij is",
  "unavailable":"Niet beschikbaar",
  "on":"AAN",
  "off":"UIT",
  "retry":"OPNIEUW PROBEREN",
  "exit":"EXIT",
  "back":"TERUG",
  "reward":"BELONING",
  "rewarded":"BELOOND",
  "watchAD":"BEKIJK ADVERTENTIE",
  "watchADDes":"BEKIJK ADVERTENTIE OM NU TE CLAIMEN!",
  "continue":"DOORGAAN",
  "lvlObj":"DOELEN LEVEL",
  "lvlComplete":"LEVEL VOLTOOID",
  "pressDownEnter":"Druk Omlaag om te Betreden",
  "checkpoint":"CONTROLEPOST",
  "lang":"Taal",
  "noThanks":"NEE BEDANKT",
  "towerDeteated":"DOORGAAN",
  "towerComplete":"TOREN VOLTOOID",
  "towerCreditsCollect":"Toren Punten Verzameld",
  "floorsPassed":"Verdiepingen gepasseerd",
  "continueDes":"Bekijk ADVERTENTIE om te herleven",
  "powerUpTitle":"Meer power",
  "powerUpDes":"Bekijk ADVERTENTIE om het power-up schild te krijgen",
  "skins":"SKINS",
  "chooseSkin":"KIES SKIN",
  "spin":"DRAAIEN",
  "preview":"KIJKJE",
  "equip":"AAN DOEN",
  "equipped":"UITRUSTING GEKOZEN",
  "skinRarity0":"NORMAAL",
  "skinRarity1":"BIJZONDER",
  "skinRarity2":"EPISCH",
  "skinRarity3":"LEGENDARISCH",
  "skinRarity4":"MYTHISCH",
  "dailyTasks":"DAGELIJKSE TAKEN",
  "dailyTaskTitle0":"VERZAMELAAR",
  "dailyTaskDes0":"Verzamel een totaal van <x> munten",
  "dailyTaskTitle1":"SPELER",
  "dailyTaskDes1":"Voltooi level",
  "dailyTaskTitle2":"TOREN",
  "dailyTaskDes2":"Speel Toren van Terreur",
  "dailyTaskTitle3":"SUPERSPELER",
  "dailyTaskDes3":"Voltooi 3 willekeurige levels",
  "lvlTarget1":"Voltooi de fase",
  "lvlTarget2":"Verzamel <x> munten",
  "lvlTarget3":"Voltooi de fase zonder dood te gaan",
  "lvlTarget3less":"Voltooi de fase en ga minder dan <x> keer dood",
  "acthub":"LEVEL HUB",
  "actNorm":"ACT",
  "actVex":"VEXATION",
  "actHard":"HARDCORE",
  "actSkin":"Karakters",
  "actbonusStage":"BONUS FASE",
  "newAchive":"Nieuwe prestatie ontgrendeld",
  "newAchiveSkin":"Nieuwe skin ontgrendeld!",
  "trophieActs":"Acts",
  "trophieStandart":"Standaard",
  "trophieHard":"Hardcore",
  "trophieTower":"Toren",
  "trophieAchive":"Prestaties",
  "trophieDesAct":"Voltooi Act <x>",
  "trophieDesActHard":"Voltooi Moeilijke Act <x>",
  "trophieDes_floor10":"Voltooi 10 verdiepingen",
  "trophieDes_floor100":"Voltooi 100 verdiepingen",
  "trophieDes_floor500":"Voltooi 500 verdiepingen",
  "trophieDes_killAndroid":"Verslagen Ridder",
  "trophieDes_killBatteringRam":"Verslagen Battering Ram",
  "trophieDes_killDrone":"Verslagen Drone",
  "trophieDes_death":"Behaal meer dan 100 doden",
  "trophieDes_playh":"Speel het spel voor meer dan een uur",
  "trophieDes_gasping":"Bovenkomen van zwemmen met nog één luchtbel over",
  "trophieDes_vex":"Voltooi VEXATION",
  "trophieDes_allActs":"Voltooi alle standaard Acts",
  "trophieDes_allActsHard":"Voltooi alle hardcore Acts",
  "trophieDes_allSkins":"VERKRIJG ALLE SKINS",
  "trophieDes_daily10":"VOLTOOI 10 DAGELIJKSE TAKEN",
  "trophieDes_daily50":"VOLTOOI 50 DAGELIJKSE TAKEN",
  "trophieDes_daily100":"VOLTOOI 100 DAGELIJKSE TAKEN",
  "bestTime":"Beste Tijd:",
  "death0_1":"Gespietst!",
  "death0_2":"Geknald!",
  "death1_1":"Gespetterd!",
  "death1_2":"Harde landing!",
  "death2_1":"Versnipperd!",
  "death2_2":"Buzzkill!",
  "death2_3":"In stukken gezaagd!",
  "death3_1":"Geplet!",
  "death3_2":"Verpletterd!",
  "death3_3":"Te hard samengedrukt!",
  "death4_1":"Klaplong!",
  "death4_2":"Verdronken!",
  "death4_3":"Gedumpt in zee...!",
  "death5_1":"Uit de wereld gevallen!",
  "death5_2":"Rechtstreeks naar de hel!",
  "death5_3":"Te ver gevallen!",
  "death6_1":"Geen toegang!",
  "death7_1":"Geplet.",
  "death7_2":"Verpletterd.",
  "death7_3":"Geplet.",
  "death8_1":"Geoogst.",
  "death8_2":"Gemaaid.",
  "death8_3":"Grimme dood.",
  "death8_4":"Onthoofd.",
  "death9_1":"Shurikenjutsu geprobeerd!",
  "death9_2":"Slechte ninja!",
  "death9_3":"In blokjes gehakt!",
  "death10_1":"Gevierendeeld!",
  "death10_2":"In blokjes gehakt!",
  "death11_1":"Geëlektrocuteerd!",
  "death11_2":"Uitgeblazen!",
  "death11_3":"Shockerend.",
  "death12_1":"Geplet!",
  "death12_2":"Verpletterd!",
  "death12_3":"Te hard samengedrukt!",
  "death13_1":"Weggeveegd.",
  "death13_2":"Van je voeten geblazen.",
  "death13_3":"In stukken gescheurd",
  "death14_1":"Vernietigd!",
  "death14_2":"Gespetterd!",
  "death14_3":"Gefrituurde vexman!",
  "death15_1":"Onverwacht gespietst!",
  "death15_2":"Doorboord!",
  "tf1":"Welkom terug bij VEX",
  "tf2":"Druk omlaag om Act1 te betreden",
  "tf3":"Met de vlieger kun je vliegen!",
  "tf4":"Gebruik de fakkel om TNT op te blazen!",
  "tf5":"Raak het water niet aan anders verlies je je fakkel",
  "tf6":"Speel nieuwe acts door op het act blok te gaan staan",
  "tf7":"Spring van de ene naar de andere kant om omhoog te komen",
  "tf8":"Goed gedaan! Ga op zoek naar de volgende act",
  "tf9":"Kijk uit! Grijze blokken gaan aan en uit",
  "tf10":"Volg de pijlen om het einde te bereiken",
  "tf11":"Houd omlaag vast terwijl je rent om te glijden!",
  "tf12":"Net als voorheen zijn paarse blokken nogal zwak",
  "tf13":"Beweeg met de pijltjestoetsen of WASD",
  "tf13Mob":"Druk de pijltjes in om te BEWEGEN",
  "tf14":"Met oranje blokken kun je heel hoog springen!",
  "tf15":"Je kunt een paal vastpakken om op en neer te glijden",
  "tf16":"Deze portalen teleporteren je naar een andere plaats op de kaart",
  "tf17":"Verkrijg 3 sterren in Act 1 om de Moeilijke modus te ontgrendelen",
  "tf18":"Tot nu toe doe je het erg goed!",
  "tf19":"Kijk uit, diep vallen kan je doden!",
  "tf20":"Kijk uit, je hebt bijna geen adem meer! Zwem door voorwaarts te bewegen in de richting waarin je kijkt",
  "tf21":"Bruine blokken kunnen beide kanten op geduwd worden!",
  "tf22":"Druk omlaag op een vastzittend blok om het los te schoppen",
  "tf23":"Spring terwijl je in het rode gedeelte bent om naar voren te zwaaien",
  "tf24":"Door in de blauwe sector te springen zwaai je verder",
  "tf25":"Verander de richting van je zwaai met links of rechts",
  "tf26":"IJs is glad en smelt na een tijdje!",
  "tf27":"Houd omlaag ingedrukt in de lucht om te schoppen en glas te breken",
  "tf28":"Snelheidsblok beweegt je in de aangegeven richting!",
  "tf29":"Om lasers te verslaan moet je snel zijn! Probeer je trapvaardigheid te gebruiken door omlaag in de lucht ingedrukt te houden",
  "tf30":"Gebruik sleutels om vergrendelde blokken te ontgrendelen",
  "tf31":"Het portaal bevindt zich aan het einde van de vergrendelde blokken!",
  "tf32":"Je moet de sleutels vinden!",
  "tf33":"Spring in het kanon en druk omhoog wanneer je gelanceerd wilt worden!",
  "tf34":"Deze kleine belletjes laden je adem onder water op!",
  "tf35":"Kijk uit voor de vonk bij de rand",
  "tf36":"Zonneblokken verdwijnen als het licht uit is!",
  "tf37":"Als een vonk het water raakt komt het onder stroom te staan",
  "tf38":"Bedankt voor het spelen van Vex 7! Je bent bijna klaar...",
  "tf39":"De roze blokken verdwijnen als je dichterbij komt",
  "tf40":"Rode sleutels verdwijnen na 5 seconden",
  "tf41":"Je kan het toneel rondkijken terwijl je stilstaat",
  "tf42":"Dit is het, de laatste test. Als de draad je verslaat, moet je de hele act opnieuw doen!",
  "tf43":"Verkeerde kant, dommerik!",
  "tf44":"Gebruik de SPATIEBALK om tegen vijanden te vechten",
  "tf44Mob":"Gebruik de aanvalsknop om tegen vijanden te vechten",
  "tf45":"Raap de springdrank op om een extra sprong te maken",
  "tf46":"Druk omhoog op een grijparm om jezelf naar de haak te schieten",
  "tf47":"Druk omlaag of spatie om het blok te breken",
  "tf47Mob":"Druk op omlaag of op de aanvalsknop om een blok te breken",
  "tf48":"Druk naar beneden om met de hendel het pulsblok te activeren",
  "tf49":"Verdien Torenpunten voor exclusieve skins",
  "autoRestart":"HERSTART LEVEL AUTOMATISCH BIJ OVERLIJDEN",
  "noBlood":"SCHAKEL BLOED UIT",
  "highScore":"Highscore:",
  "floor":"Verdieping"
}