{
  "language": "Sprache",
  "yes":"JA",
  "no":"NEIN",
  "youOk":"GEHT ES DIR GUT?",
  "complete":"ABSOLVIEREN",
  "pause":"PAUSE",
  "paused":"PAUSIERT",
  "tower":"TURM DES TERRORS",
  "play":"SPIELEN",
  "trophies":"TROPHÄEN",
  "resetsIn":"WIRD ZURÜCKGESETZT IN",
  "settings":"EINSTELLUNGEN",
  "mainmenu":"HAUPTMENÜ",
  "actSelect":"AKT WÄHLEN",
  "autoReset":"Automatische Rückstellung nach Ablauf der Bestzeit",
  "unavailable":"Nicht verfügbar",
  "on":"EIN",
  "off":"AUS",
  "retry":"NOCHMAL VERSUCHEN",
  "exit":"BEENDEN",
  "back":"ZURÜCK",
  "reward":"BELOHNUNG",
  "rewarded":"BELOHNUNG ERHALTEN",
  "watchAD":"WERBUNG ANSEHEN",
  "watchADDes":"WERBUNG ANSEHEN UND JETZT EINFORDERN!",
  "continue":"WEITER",
  "lvlObj":"LEVELZIELE",
  "lvlComplete":"LEVEL ABGESCHLOSSEN",
  "pressDownEnter":"Zum Spielen den Abwärts-Button drücken",
  "checkpoint":"KONTROLLPUNKT",
  "lang":"Sprache",
  "noThanks":"NEIN DANKE",
  "towerDeteated":"WEITER",
  "towerComplete":"TURM BEENDET",
  "towerCreditsCollect":"Gesammelte Turm-Credits",
  "floorsPassed":"Durchlaufene Ebenen",
  "continueDes":"WERBUNG ansehen, um wieder zu leben",
  "powerUpTitle":"Power-Up",
  "powerUpDes":"WERBUNG ansehen, um das Power-Up-Schild zu erlangen",
  "skins":"SKINS",
  "chooseSkin":"SKIN WÄHLEN",
  "spin":"DREHEN",
  "preview":"VORSCHAU",
  "equip":"AUSSTATTEN",
  "equipped":"AUSGESTATTET",
  "skinRarity0":"NORMAL",
  "skinRarity1":"RAR",
  "skinRarity2":"EPISCH",
  "skinRarity3":"LEGENDÄR",
  "skinRarity4":"MYSTISCH",
  "dailyTasks":"TÄGLICHE AUFGABEN",
  "dailyTaskTitle0":"SAMMLER",
  "dailyTaskDes0":"Sammle insgesamt <x> Münzen",
  "dailyTaskTitle1":"SPIELER",
  "dailyTaskDes1":"Absolviere Level",
  "dailyTaskTitle2":"TURM",
  "dailyTaskDes2":"Turm des Terrors spielen",
  "dailyTaskTitle3":"SUPERSPIELER",
  "dailyTaskDes3":"Absolviere 3 beliebige Levels",
  "lvlTarget1":"Absolviere die Etappe",
  "lvlTarget2":"Sammle <x> Münzen",
  "lvlTarget3":"Absolviere die Etappe, ohne zu sterben",
  "lvlTarget3less":"Absolviere die Etappe, indem du weniger als <x> Mal stirbst",
  "acthub":"LEVELKARTE",
  "actNorm":"AKT",
  "actVex":"VEXATION",
  "actHard":"HARDCORE",
  "actSkin":"Figuren",
  "actbonusStage":"BONUSETAPPE",
  "newAchive":"Neue Errungenschaft freigeschaltet",
  "newAchiveSkin":"Neue Skin freigeschaltet!",
  "trophieActs":"AKTE",
  "trophieStandart":"Standard",
  "trophieHard":"Hardcore",
  "trophieTower":"Turm",
  "trophieAchive":"Errungenschaften",
  "trophieDesAct":"Absolviere Akt<x>",
  "trophieDesActHard":"Absolviere den schweren Akt <x>",
  "trophieDes_floor10":"Absolviere 10 Ebenen",
  "trophieDes_floor100":"Absolviere 100 Ebenen",
  "trophieDes_floor500":"Absolviere 500 Ebenen",
  "trophieDes_killAndroid":"Besiegter Ritter",
  "trophieDes_killBatteringRam":"Besiegter Rammbock",
  "trophieDes_killDrone":"Besiegte Drohne",
  "trophieDes_death":"Erreiche mehr als 100 Gesamt-Tode",
  "trophieDes_playh":"Spiele das Game über eine Stunde lang",
  "trophieDes_gasping":"Tauche nach dem Schwimmen mit einer Blase auf",
  "trophieDes_vex":"Vervollständige VEXATION",
  "trophieDes_allActs":"Vervollständige alle Standard-Akte",
  "trophieDes_allActsHard":"Vervollständige alle Hardcore-Akte",
  "trophieDes_allSkins":"ERHALTE ALLE SKINS",
  "trophieDes_daily10":"VERVOLLSTÄNDIGE 10 TÄGLICHE AUFGABEN",
  "trophieDes_daily50":"VERVOLLSTÄNDIGE 50 TÄGLICHE AUFGABEN",
  "trophieDes_daily100":"VERVOLLSTÄNDIGE 100 TÄGLICHE AUFGABEN",
  "bestTime":"Bestzeit:",
  "death0_1":"Aufgespießt!",
  "death0_2":"Geplatzt!",
  "death1_1":"Zermatscht!",
  "death1_2":"Harte Landung!",
  "death2_1":"Zerfetzt!",
  "death2_2":"Spaßbremse!",
  "death2_3":"In Stücke zersägt!",
  "death3_1":"Zerquetscht!",
  "death3_2":"Zermatscht!",
  "death3_3":"Zerdrückt!",
  "death4_1":"Lungenkollaps!",
  "death4_2":"Ertrunken!",
  "death4_3":"Du schläfst ohne Fische...!",
  "death5_1":"Die Welt ist aus den Fugen!",
  "death5_2":"Direkt in die Hölle!",
  "death5_3":"Zu tief gefallen!",
  "death6_1":"Kein Zutritt!",
  "death7_1":"Zerdrückt.",
  "death7_2":"Zermatscht.",
  "death7_3":"Zerquetscht.",
  "death8_1":"Abgeerntet.",
  "death8_2":"Niedergemäht.",
  "death8_3":"Grauenhafter Tod.",
  "death8_4":"Geköpft.",
  "death9_1":"Shurikenjutsu ausprobiert!",
  "death9_2":"Schlechter Ninja!",
  "death9_3":"In Scheiben und Würfel geschnitten!",
  "death10_1":"Vierfacher Tod!",
  "death10_2":"In Scheiben und Würfel geschnitten!",
  "death11_1":"Stromschlag!",
  "death11_2":"Ausgefunkt!",
  "death11_3":"Schockierend.",
  "death12_1":"Zerquetscht!",
  "death12_2":"Zermatscht!",
  "death12_3":"Zerdrückt!",
  "death13_1":"Weggewischt.",
  "death13_2":"Aus den Socken gehauen.",
  "death13_3":"In Stücke gerissen",
  "death14_1":"Ausgelöscht!",
  "death14_2":"Zerschmettert!",
  "death14_3":"Hingerichteter Vexman!",
  "death15_1":"Überraschend aufgespießt!",
  "death15_2":"Durchstochen!",
  "tf1":"Willkommen zurück bei VEX",
  "tf2":"Drücke den Button, um Akt 1 zu spielen",
  "tf3":"Mit dem Drachen kannst du fliegen!",
  "tf4":"Benutze die Fackel, um das TNT zu sprengen!",
  "tf5":"Berühre das Wasser nicht, sonst verlierst du deine Fackel",
  "tf6":"Spiele neue Akte, indem du dich auf den entsprechenden Block stellst",
  "tf7":"Springe von einer Seite zur anderen, um nach oben zu gelangen",
  "tf8":"Gut gemacht! Suche jetzt den nächsten Akt",
  "tf9":"Achtung! Graue Blöcke schalten sich ein und aus",
  "tf10":"Folge den Pfeilen, um das Ende zu erreichen",
  "tf11":"Halte beim Laufen die Taste gedrückt, um zu rutschen!",
  "tf12":"Wie zuvor sind lila Blöcke ziemlich schwach",
  "tf13":"Bewege dich mit den Pfeiltasten oder mit WASD",
  "tf13Mob":"Berühre die Pfeile, um dich zu BEWEGEN",
  "tf14":"Orangefarbene Blöcke lassen dich richtig hoch springen!",
  "tf15":"Du kannst dich an einer Stange festhalten, um hoch und runter zu rutschen",
  "tf16":"Diese Portale teleportieren dich an einen anderen Ort auf der Karte",
  "tf17":"Erhalte 3 Sterne in Akt 1, um den schweren Modus freizuschalten",
  "tf18":"Du machst das bisher sehr gut!",
  "tf19":"Vorsicht, lange Stürze können tödlich sein!",
  "tf20":"Vorsicht, dein Atem geht dir aus! Schwimme, indem du dich in Blickrichtung nach vorne bewegst",
  "tf21":"Braune Blöcke können in beide Richtungen geschoben werden!",
  "tf22":"Drücke auf einen eingeklemmten Block, um ihn herauszuwerfen",
  "tf23":"Springe im roten Bereich, um vorwärts zu schwingen",
  "tf24":"Wenn du im blauen Bereich springst, schwingst du weiter",
  "tf25":"Um beim Schwingen die Richtung zu ändern, drücke links oder rechts",
  "tf26":"Eis ist rutschig und schmilzt mit der Zeit!",
  "tf27":"Drücke mitten in der Luft, um gegen Glas zu treten und es zu zerschlagen",
  "tf28":"Der Geschwindigkeitsblock bewegt dich in die angezeigte Richtung!",
  "tf29":"Um Laser zu besiegen, musst du schnell sein! Versuche dagegen zu treten, indem du mitten in der Luft die Taste drückst",
  "tf30":"Verwende Schlüssel, um verriegelte Blöcke zu öffnen",
  "tf31":"Das Portal befindet sich am Ende der verriegelten Blöcke!",
  "tf32":"Du musst die Schlüssel finden!",
  "tf33":"Spring in die Kanone und drücke nach oben, wenn du abgefeuert werden willst!",
  "tf34":"Diese kleinen Blasen laden unter Wasser deinen Atem auf!",
  "tf35":"Pass auf die Funken an der Kante auf",
  "tf36":"Solarblöcke verschwinden, wenn das Licht aus ist!",
  "tf37":"Wenn ein Funke das Wasser berührt, steht er unter Strom",
  "tf38":"Danke, dass du Vex 7 gespielt hast! Du bist fast fertig...",
  "tf39":"Rosa Blöcke werden unsichtbar je näher du ihnen kommst",
  "tf40":"Rote Schlüssel verschwinden nach 5 Sekunden",
  "tf41":"Während du stillstehst kannst du dich in der Etappe umschauen",
  "tf42":"Das ist die letzte Prüfung. Wenn der Draht dich bis zum Ende schlägt, musst du den gesamten Akt wiederholen!",
  "tf43":"Falsche Richtung, Dummerchen!",
  "tf44":"Kämpfe mit der LEERTASTE gegen Feinde",
  "tf44Mob":"Mit dem Angriffs-Button kannst du Feinde bekämpfen",
  "tf45":"Nimm den Sprungtrank, um einen zusätzlichen Sprung zu machen",
  "tf46":"Drücke auf ein Greifpolster, um dich zum Haken zu katapultieren",
  "tf47":"Drücke den Abwärts-Button oder die Leertaste, um den Block aufzubrechen",
  "tf47Mob":"Drücke den Abwärts- oder Angriffs-Button, um den Block aufzubrechen",
  "tf48":"Drücken, um mit dem Hebel die Impulssperre zu aktivieren",
  "tf49":"Gewinne Turm-Punkte für exklusive Skins",
  "autoRestart":"AUTOMATISCHER NEUSTART DES LEVELS BEI TOD",
  "noBlood":"BLUT DEAKTIVIEREN",
  "highScore":"Höchstpunktzahl:",
  "floor":"Boden"
}