{"skeleton":{"hash":"tG53yjfhSWlJKYl3JvKWown0eJM","spine":"3.8.99","x":-278.45,"y":-37.27,"width":981.74,"height":1049.89},"bones":[{"name":"Main","x":5.19,"y":493.05},{"name":"Body","parent":"Main","length":398.22,"rotation":87.76,"x":-89.96,"y":-60.56},{"name":"Head","parent":"Body","length":189.07,"rotation":4.26,"x":384.63,"y":6.14},{"name":"R_arm","parent":"Body","length":166.62,"rotation":-165.13,"x":316.99,"y":0.9},{"name":"R_hand","parent":"R_arm","length":158.44,"rotation":39.21,"x":173.64,"y":0.42},{"name":"Sword","parent":"R_hand","length":549.1,"rotation":87.29,"x":189.53,"y":-3.75,"scaleX":1.5303,"scaleY":1.2181},{"name":"L_arm","parent":"Body","length":151.51,"rotation":-155.33,"x":323.39,"y":-20.72},{"name":"L_hand","parent":"L_arm","length":204.35,"rotation":45.19,"x":154.41,"y":1.21},{"name":"R_leg","parent":"Body","length":200.08,"rotation":-178.4,"x":-19.38,"y":-16.33},{"name":"R_foot","parent":"R_leg","length":206.79,"rotation":1.87,"x":215.67,"y":-2.05},{"name":"L_leg","parent":"Body","length":187.21,"rotation":-173.67,"x":-18.08,"y":-49.65},{"name":"L_foot","parent":"L_leg","length":229.84,"rotation":0.91,"x":196.24,"y":1.58},{"name":"Sword_ik","parent":"Main","x":-153.37,"y":-95.76},{"name":"L_hand_ik","parent":"Main","x":54.23,"y":-85.38},{"name":"R_foot_ik","parent":"Main","x":-132.61,"y":-495.39},{"name":"L_foot_ik","parent":"Main","x":43.85,"y":-497.98}],"slots":[{"name":"L_foot","bone":"L_foot","attachment":"L_foot"},{"name":"L_leg","bone":"L_leg","attachment":"L_leg"},{"name":"R_foot","bone":"R_foot","attachment":"R_foot"},{"name":"R_leg","bone":"R_leg","attachment":"R_leg"},{"name":"head","bone":"Head","attachment":"head"},{"name":"L_arm","bone":"L_arm","attachment":"L_arm"},{"name":"L_hand","bone":"L_hand","attachment":"L_hand"},{"name":"body","bone":"Body","attachment":"body"},{"name":"Sword","bone":"Sword","attachment":"Sword"},{"name":"R_arm","bone":"R_arm","attachment":"R_arm"},{"name":"R_hand","bone":"R_hand","attachment":"R_hand"}],"ik":[{"name":"L_foot_ik","order":3,"bones":["L_leg","L_foot"],"target":"L_foot_ik","bendPositive":false},{"name":"L_hand_ik","order":1,"bones":["L_arm","L_hand"],"target":"L_hand_ik"},{"name":"R_foot_ik","order":2,"bones":["R_leg","R_foot"],"target":"R_foot_ik","bendPositive":false},{"name":"Sword_ik","bones":["R_arm","R_hand"],"target":"Sword_ik"}],"skins":[{"name":"default","attachments":{"L_arm":{"L_arm":{"x":94.5,"y":14.77,"rotation":67.57,"width":159,"height":211}},"L_foot":{"L_foot":{"x":98.8,"y":1.99,"rotation":85.01,"width":169,"height":264}},"L_hand":{"L_hand":{"x":113.53,"y":-9.97,"rotation":22.38,"width":242,"height":207}},"L_leg":{"L_leg":{"x":118.58,"y":-1.31,"rotation":85.91,"width":243,"height":387}},"R_arm":{"R_arm":{"x":93.3,"y":15.4,"rotation":76.89,"width":123,"height":215}},"R_foot":{"R_foot":{"x":89.29,"y":1.51,"rotation":88.77,"width":154,"height":262}},"R_hand":{"R_hand":{"x":103.19,"y":-0.44,"rotation":30.39,"width":232,"height":233}},"R_leg":{"R_leg":{"x":129.31,"y":5.92,"rotation":90.64,"width":255,"height":387}},"Sword":{"Sword":{"x":258.68,"y":-8.77,"rotation":-62.13,"width":322,"height":562},"Sword_red":{"x":258.68,"y":-8.77,"rotation":-62.13,"width":322,"height":562}},"body":{"body":{"x":213.05,"y":-45.26,"rotation":-87.76,"width":286,"height":466}},"head":{"head":{"x":76.68,"y":-25.88,"rotation":-92.02,"width":191,"height":236},"head_red":{"x":76.68,"y":-25.88,"rotation":-92.02,"width":191,"height":236}}}}],"animations":{"attack":{"slots":{"Sword":{"attachment":[{"name":"Sword_red"}]},"head":{"attachment":[{"name":"head_red"}]}},"bones":{"Sword_ik":{"translate":[{},{"time":0.1667,"x":242.78,"y":36.26},{"time":0.3333,"x":343.68,"y":332.12},{"time":0.6667,"x":0.73,"y":666.22},{"time":0.7,"x":284.58,"y":589.49},{"time":0.7667,"x":415.97,"y":390.37},{"time":0.8667,"x":392.39,"y":77.58},{"time":0.9333,"x":303.08,"y":-103.51}]},"Body":{"rotate":[{},{"time":0.6667,"angle":17.52},{"time":0.9333,"angle":-13.82}],"translate":[{},{"time":0.6667,"x":43.41,"y":3.48},{"time":0.7333,"y":-22.07,"curve":"stepped"},{"time":0.8333,"y":-22.07},{"time":0.9333,"x":35.48,"y":-88.43},{"time":1,"x":23.37,"y":-65.48}]},"Sword":{"rotate":[{},{"time":0.9333,"angle":-22.44}]},"L_foot_ik":{"translate":[{},{"time":0.7667,"x":183.64,"y":223.71},{"time":0.9333,"x":80.14,"y":-10.02},{"time":1,"x":63.44,"y":3.34}]},"L_hand_ik":{"translate":[{},{"time":0.6667,"x":-257.1,"y":70.12},{"time":0.9333,"x":-347.26,"y":80.14}]}}},"idle_stop":{"bones":{"Body":{"translate":[{"x":5.93,"y":3.34}]},"Head":{"translate":[{"x":-0.23,"y":5.93}]},"R_arm":{"translate":[{"x":10.44,"y":-1.44}]},"L_arm":{"translate":[{"x":-0.23,"y":5.93}]},"R_leg":{"rotate":[{"angle":2.64}],"translate":[{"x":-0.23,"y":5.93}]},"L_leg":{"translate":[{"x":-0.23,"y":5.93}]},"Main":{"translate":[{"y":-5.93}]},"R_hand":{"translate":[{"x":4.23,"y":7.03}]},"Sword_ik":{"translate":[{"x":215.39,"y":215.39}]}}},"walk":{"bones":{"R_foot_ik":{"translate":[{"x":264.06,"y":14.84},{"time":0.1667,"x":175.05,"y":17.8},{"time":0.3333,"x":-17.8,"y":-5.93},{"time":0.5,"x":-68.24,"y":-2.97},{"time":0.6667,"x":-136.48,"y":121.65},{"time":0.8333,"x":-80.11,"y":62.31},{"time":1,"x":264.06,"y":14.84}]},"L_foot_ik":{"translate":[{"x":-213.62,"y":-26.7},{"time":0.1667,"x":-267.03,"y":53.41},{"time":0.3333,"x":-50.44,"y":77.14},{"time":0.5,"x":71.21,"y":11.87},{"time":0.6667,"x":-29.67,"y":-2.97},{"time":1,"x":-213.62,"y":-26.7}]},"Sword_ik":{"translate":[{"x":-103.85,"y":8.9},{"time":0.5667,"x":240.33,"y":-2.97},{"time":1,"x":-103.85,"y":8.9}]},"L_hand_ik":{"translate":[{"x":59.34,"y":2.97},{"time":0.5,"x":-219.56,"y":-44.51},{"time":1,"x":59.34,"y":2.97}]},"Body":{"translate":[{},{"time":0.1667,"y":-23.74},{"time":0.3333},{"time":0.6667,"y":-23.74},{"time":1}]},"Head":{"translate":[{},{"time":0.5,"x":-11.86},{"time":1}]}}},"walk_danger":{"slots":{"Sword":{"attachment":[{"name":"Sword_red"}]},"head":{"attachment":[{"name":"head_red"}]}},"bones":{"R_foot_ik":{"translate":[{"x":264.06,"y":14.84},{"time":0.1667,"x":175.05,"y":17.8},{"time":0.3333,"x":-17.8,"y":-5.93},{"time":0.5,"x":-68.24,"y":-2.97},{"time":0.6667,"x":-136.48,"y":121.65},{"time":0.8333,"x":-80.11,"y":62.31},{"time":1,"x":264.06,"y":14.84}]},"L_foot_ik":{"translate":[{"x":-213.62,"y":-26.7},{"time":0.1667,"x":-267.03,"y":53.41},{"time":0.3333,"x":-50.44,"y":77.14},{"time":0.5,"x":71.21,"y":11.87},{"time":0.6667,"x":-29.67,"y":-2.97},{"time":1,"x":-213.62,"y":-26.7}]},"Sword_ik":{"translate":[{"x":-103.85,"y":8.9},{"time":0.6,"x":240.33,"y":-2.97},{"time":1,"x":-103.85,"y":8.9}]},"L_hand_ik":{"translate":[{"x":59.34,"y":2.97},{"time":0.5,"x":-219.56,"y":-44.51},{"time":1,"x":59.34,"y":2.97}]},"Body":{"translate":[{},{"time":0.1667,"y":-23.74},{"time":0.3333},{"time":0.6667,"y":-23.74},{"time":1}]},"Head":{"translate":[{},{"time":0.5,"x":-11.86},{"time":1}]}}}}}