{"skeleton":{"hash":"yMT+71ky4CuCV4M7lL0E+6rzJ3Q","spine":"3.8.99","x":-179.85,"y":-54.67,"width":688.88,"height":1091.35},"bones":[{"name":"root","y":462.91},{"name":"body","parent":"root","length":412.99,"rotation":93.35,"x":4.1,"y":1.57},{"name":"head","parent":"body","length":160.29,"rotation":-10.26,"x":410.44,"y":-2.27},{"name":"R_arm","parent":"body","length":152.83,"rotation":-177.01,"x":310.35,"y":-20.56},{"name":"R_hand","parent":"R_arm","length":208.99,"rotation":44.28,"x":160.55,"y":3.99},{"name":"sword","parent":"R_hand","length":527.61,"rotation":100.71,"x":191.83,"y":17.11},{"name":"L_arm","parent":"body","length":178.41,"rotation":-164.42,"x":342.36,"y":-51.42},{"name":"L_hand","parent":"L_arm","length":203.81,"rotation":43.6,"x":178.41},{"name":"R_leg","parent":"body","length":222.28,"rotation":-179.62,"x":-3.69,"y":19.54},{"name":"R_foot","parent":"R_leg","length":204.94,"rotation":-3.73,"x":234.16,"y":-3.19},{"name":"L_leg","parent":"body","length":203.04,"rotation":-179.26,"x":-8.91,"y":-28.46},{"name":"L_foot","parent":"L_leg","length":204.76,"rotation":8.15,"x":214.72,"y":-5.67},{"name":"R_leg_IK","parent":"root","x":-28.85,"y":-469.89},{"name":"L_Leg_IK","parent":"root","x":59.45,"y":-451.71},{"name":"Sword_IK","parent":"root","x":173.72,"y":0.16},{"name":"L_hand_IK","parent":"root","x":241.24,"y":57.3}],"slots":[{"name":"L_foot","bone":"L_foot","attachment":"L_foot"},{"name":"L_leg","bone":"L_leg","attachment":"L_leg"},{"name":"R_foot","bone":"R_foot","attachment":"R_foot"},{"name":"R_leg","bone":"R_leg","attachment":"R_leg"},{"name":"head","bone":"head","attachment":"head"},{"name":"L_arm","bone":"L_arm","attachment":"L_arm"},{"name":"L_hand","bone":"L_hand","attachment":"L_hand"},{"name":"body","bone":"body","attachment":"body"},{"name":"sword","bone":"sword","attachment":"sword"},{"name":"R_arm","bone":"R_arm","attachment":"R_arm"},{"name":"R_hand","bone":"R_hand","attachment":"R_hand"}],"ik":[{"name":"L_Leg_IK","order":1,"bones":["L_leg","L_foot"],"target":"L_Leg_IK","bendPositive":false},{"name":"L_hand_IK","order":3,"bones":["L_arm","L_hand"],"target":"L_hand_IK"},{"name":"R_leg_IK","bones":["R_leg","R_foot"],"target":"R_leg_IK","bendPositive":false},{"name":"Sword_IK","order":2,"bones":["R_arm","R_hand"],"target":"Sword_IK"}],"skins":[{"name":"default","attachments":{"L_arm":{"L_arm":{"x":115.49,"y":-8.72,"rotation":71.08,"width":159,"height":211}},"L_foot":{"L_foot":{"x":100.68,"y":-7.53,"rotation":77.76,"width":169,"height":264}},"L_hand":{"L_hand":{"x":99.48,"y":-11.74,"rotation":27.47,"width":242,"height":207}},"L_leg":{"L_leg":{"x":139.05,"y":-5.3,"rotation":85.91,"width":243,"height":387}},"R_arm":{"R_arm":{"x":98.95,"y":9.27,"rotation":83.66,"width":123,"height":215}},"R_foot":{"R_foot":{"x":94.12,"y":-0.71,"rotation":90,"width":154,"height":262}},"R_hand":{"R_hand":{"x":111.55,"y":-8.31,"rotation":39.38,"width":232,"height":233}},"R_leg":{"R_leg":{"x":153.26,"y":6.88,"rotation":86.27,"width":255,"height":387}},"body":{"body":{"x":241.46,"y":-28.2,"rotation":-93.35,"width":396,"height":531}},"head":{"head":{"x":47.76,"y":-25.69,"rotation":-83.09,"width":191,"height":236},"head_red":{"x":47.76,"y":-25.69,"rotation":-83.09,"width":191,"height":236}},"sword":{"sword":{"x":-14.91,"y":-3.39,"rotation":-61.33,"width":548,"height":989},"sword red":{"x":-14.91,"y":-3.39,"rotation":-61.33,"width":548,"height":989}}}}],"animations":{"attack":{"slots":{"head":{"attachment":[{"name":"head_red"}]},"sword":{"attachment":[{"name":"sword red"}]}},"bones":{"sword":{"rotate":[{"time":0.1667},{"time":0.3333,"angle":-109.23},{"time":0.5,"angle":122.99,"curve":"stepped"},{"time":0.6333,"angle":122.99},{"time":0.8333,"angle":-103.88}]},"R_leg_IK":{"translate":[{"x":-50.51,"y":14.86},{"time":0.1667,"x":74.27,"y":148.55},{"time":0.3333,"x":-83.19,"y":2.97},{"time":0.5,"x":106.96,"y":157.46},{"time":0.6667,"x":219.85,"y":11.88}]},"body":{"translate":[{},{"time":0.1667,"x":41.59,"y":-35.65},{"time":0.3333,"x":41.59,"y":-29.71}]},"Sword_IK":{"translate":[{"y":-26.74},{"time":0.1667,"x":-169.35,"y":65.36},{"time":0.3333,"x":-407.03,"y":38.62},{"time":0.6667,"x":207.97,"y":47.54}]},"L_Leg_IK":{"translate":[{},{"time":0.6667,"x":-92.1,"y":-11.88}]}}},"idle_stop":{},"walk":{"bones":{"body":{"translate":[{"x":4.64,"y":-38.8,"curve":"stepped"},{"time":0.2333,"x":4.64,"y":-38.8},{"time":0.5,"x":4.64,"y":-32.86},{"time":0.7667,"x":4.64,"y":-50.89},{"time":1,"x":4.64,"y":-38.8}]},"R_leg_IK":{"translate":[{"x":129.36,"y":86.1},{"time":0.1667,"x":194.88,"y":29.63},{"time":0.5,"x":-101.16,"y":-11.32},{"time":1,"x":129.36,"y":86.1}]},"L_Leg_IK":{"translate":[{"x":-176.53,"y":-40.47},{"time":0.1667,"x":-95.72,"y":23.33},{"time":0.5,"x":7.61,"y":80.19},{"time":0.6667,"x":104.97,"y":16.49},{"time":1,"x":-155.73,"y":-43.44}]},"L_hand_IK":{"translate":[{"x":-85.22,"y":-120.11},{"time":0.5,"x":-346.52,"y":-108.04},{"time":1,"x":-85.22,"y":-120.11}]},"head":{"translate":[{},{"time":0.2667,"x":-8.91},{"time":0.4667,"x":-1.19},{"time":0.7333,"x":-8.91},{"time":1}]},"Sword_IK":{"translate":[{"x":-291.16,"y":-118.84},{"time":0.5,"x":-77.25,"y":-130.72},{"time":1,"x":-291.16,"y":-118.84}]}}},"walk_danger":{"slots":{"head":{"attachment":[{"name":"head_red"}]},"sword":{"attachment":[{"name":"sword red"}]}},"bones":{"body":{"translate":[{"x":4.64,"y":-38.8,"curve":"stepped"},{"time":0.2333,"x":4.64,"y":-38.8},{"time":0.5,"x":4.64,"y":-32.86},{"time":0.7667,"x":4.64,"y":-50.89},{"time":1,"x":4.64,"y":-38.8}]},"R_leg_IK":{"translate":[{"x":129.36,"y":86.1},{"time":0.1667,"x":194.88,"y":29.63},{"time":0.5,"x":-101.16,"y":-11.32},{"time":1,"x":129.36,"y":86.1}]},"L_Leg_IK":{"translate":[{"x":-176.53,"y":-40.47},{"time":0.1667,"x":-95.72,"y":23.33},{"time":0.5,"x":7.61,"y":80.19},{"time":0.6667,"x":104.97,"y":16.49},{"time":1,"x":-155.73,"y":-43.44}]},"L_hand_IK":{"translate":[{"x":-85.22,"y":-120.11},{"time":0.5,"x":-346.52,"y":-108.04},{"time":1,"x":-85.22,"y":-120.11}]},"head":{"translate":[{},{"time":0.2667,"x":-8.91},{"time":0.4667,"x":-1.19},{"time":0.7333,"x":-8.91},{"time":1}]},"Sword_IK":{"translate":[{"x":-291.16,"y":-118.84},{"time":0.5,"x":-77.25,"y":-130.72},{"time":1,"x":-291.16,"y":-118.84}]}}}}}